Date Time,Ave AirTemp (degC),Ave Humidity (%)
2014-09-01 00:00:00,17.1,90.7
2014-09-01 00:05:00,17.1,90.6
2014-09-01 00:10:00,17.2,90.6
2014-09-01 00:15:00,17.3,90.7
2014-09-01 00:20:00,17.3,90.6
2014-09-01 00:25:00,17.3,90.4
2014-09-01 00:30:00,17.3,90.5
2014-09-01 00:35:00,17.3,90.4
2014-09-01 00:40:00,17.4,90.4
2014-09-01 00:45:00,17.4,90.5
2014-09-01 00:50:00,17.4,90.7
2014-09-01 00:55:00,17.5,90.9
2014-09-01 01:00:00,17.5,90.9
2014-09-01 01:05:00,17.4,90.8
2014-09-01 01:10:00,17.4,90.9
2014-09-01 01:15:00,17.5,91
2014-09-01 01:20:00,17.5,90.7
2014-09-01 01:25:00,17.5,90.5
2014-09-01 01:30:00,17.5,90
2014-09-01 01:35:00,17.6,89.6
2014-09-01 01:40:00,17.8,89
2014-09-01 01:45:00,17.9,88.1
2014-09-01 01:50:00,17.9,87.5
2014-09-01 01:55:00,18.2,86.8
2014-09-01 02:00:00,18.2,85.8
2014-09-01 02:05:00,18.1,85.5
2014-09-01 02:10:00,18.2,85.4
2014-09-01 02:15:00,18.1,85.6
2014-09-01 02:20:00,18.1,85.3
2014-09-01 02:25:00,18.3,85.8
2014-09-01 02:30:00,18.3,86.6
2014-09-01 02:35:00,18.1,87.7
2014-09-01 02:40:00,18.1,88.4
2014-09-01 02:45:00,18.2,88.7
2014-09-01 02:50:00,18.2,88.8
2014-09-01 02:55:00,18.4,88.8
2014-09-01 03:00:00,18.4,88.8
2014-09-01 03:05:00,18.2,88.7
2014-09-01 03:10:00,18.3,88.8
2014-09-01 03:15:00,18.4,88.6
2014-09-01 03:20:00,18.3,88.3
2014-09-01 03:25:00,18.4,87.9
2014-09-01 03:30:00,18.4,87.2
2014-09-01 03:35:00,18.5,87.1
2014-09-01 03:40:00,18.5,86.9
2014-09-01 03:45:00,18.4,87.3
2014-09-01 03:50:00,18.4,87.7
2014-09-01 03:55:00,18.4,88.2
2014-09-01 04:00:00,18.4,88.5
2014-09-01 04:05:00,18.4,88.7
2014-09-01 04:10:00,18.4,88.7
2014-09-01 04:15:00,18.5,88.5
2014-09-01 04:20:00,18.6,88.1
2014-09-01 04:25:00,18.6,87.5
2014-09-01 04:30:00,18.6,87.1
2014-09-01 04:35:00,18.7,86.7
2014-09-01 04:40:00,18.7,86.4
2014-09-01 04:45:00,18.7,86
2014-09-01 04:50:00,18.7,85.8
2014-09-01 04:55:00,18.8,85.5
2014-09-01 05:00:00,18.8,85.4
2014-09-01 05:05:00,18.9,85.2
2014-09-01 05:10:00,18.9,85.1
2014-09-01 05:15:00,18.9,84.8
2014-09-01 05:20:00,19,84.7
2014-09-01 05:25:00,19,84.7
2014-09-01 05:30:00,19,84.4
2014-09-01 05:35:00,19.1,84.1
2014-09-01 05:40:00,19.2,83.6
2014-09-01 05:45:00,19.2,83.1
2014-09-01 05:50:00,19.3,83.3
2014-09-01 05:55:00,19.3,83.1
2014-09-01 06:00:00,19.2,83.2
2014-09-01 06:05:00,19.2,83.4
2014-09-01 06:10:00,19.2,83.2
2014-09-01 06:15:00,19.2,83.1
2014-09-01 06:20:00,19.3,83
2014-09-01 06:25:00,19.3,83
2014-09-01 06:30:00,19.3,83.1
2014-09-01 06:35:00,19.2,83.1
2014-09-01 06:40:00,19.2,83.3
2014-09-01 06:45:00,19.2,83.4
2014-09-01 06:50:00,19.2,83.4
2014-09-01 06:55:00,19.1,84
2014-09-01 07:00:00,19,84.9
2014-09-01 07:05:00,18.9,85.7
2014-09-01 07:10:00,18.9,86.4
2014-09-01 07:15:00,18.9,87
2014-09-01 07:20:00,18.6,87.3
2014-09-01 07:25:00,18.4,87.5
2014-09-01 07:30:00,18.4,87.7
2014-09-01 07:35:00,18.4,88.2
2014-09-01 07:40:00,18.3,88.8
2014-09-01 07:45:00,18.1,90.1
2014-09-01 07:50:00,18.1,91
2014-09-01 07:55:00,17.9,91.6
2014-09-01 08:00:00,17.8,91.9
2014-09-01 08:05:00,17.7,92.2
2014-09-01 08:10:00,17.7,92.2
2014-09-01 08:15:00,17.8,92.2
2014-09-01 08:20:00,17.7,92.3
2014-09-01 08:25:00,17.5,91.9
2014-09-01 08:30:00,17.4,90.6
2014-09-01 08:35:00,17.3,88.8
2014-09-01 08:40:00,17.4,88.1
2014-09-01 08:45:00,17.2,87.5
2014-09-01 08:50:00,17.1,86.8
2014-09-01 08:55:00,17.1,86.4
2014-09-01 09:00:00,17,86.4
2014-09-01 09:05:00,17,86.3
2014-09-01 09:10:00,16.9,86
2014-09-01 09:15:00,16.9,85.9
2014-09-01 09:20:00,16.9,85.9
2014-09-01 09:25:00,16.9,85.9
2014-09-01 09:30:00,16.9,85.9
2014-09-01 09:35:00,16.9,86
2014-09-01 09:40:00,16.9,86
2014-09-01 09:45:00,16.8,86
2014-09-01 09:50:00,16.8,86
2014-09-01 09:55:00,16.7,86.4
2014-09-01 10:00:00,16.7,86.7
2014-09-01 10:05:00,16.6,86.9
2014-09-01 10:10:00,16.5,87.2
2014-09-01 10:15:00,16.5,87.4
2014-09-01 10:20:00,16.4,87.5
2014-09-01 10:25:00,16.4,87.9
2014-09-01 10:30:00,16.3,88.1
2014-09-01 10:35:00,16.3,88.2
2014-09-01 10:40:00,16.3,88.2
2014-09-01 10:45:00,16.3,88.1
2014-09-01 10:50:00,16.3,87.8
2014-09-01 10:55:00,16.3,87.8
2014-09-01 11:00:00,16.3,87.9
2014-09-01 11:05:00,16.2,88.2
2014-09-01 11:10:00,16.2,88.2
2014-09-01 11:15:00,16.2,88.2
2014-09-01 11:20:00,16.3,88
2014-09-01 11:25:00,16.3,88
2014-09-01 11:30:00,16.2,88
2014-09-01 11:35:00,16.1,88.1
2014-09-01 11:40:00,16.1,88.1
2014-09-01 11:45:00,16,88
2014-09-01 11:50:00,16,88
2014-09-01 11:55:00,16,87.8
2014-09-01 12:00:00,17.1,90.7
2014-09-01 12:05:00,17.1,90.6
2014-09-01 12:10:00,17.2,90.6
2014-09-01 12:15:00,17.3,90.7
2014-09-01 12:20:00,17.3,90.6
2014-09-01 12:25:00,17.3,90.4
2014-09-01 12:30:00,17.3,90.5
2014-09-01 12:35:00,17.3,90.4
2014-09-01 12:40:00,17.4,90.4
2014-09-01 12:45:00,17.4,90.5
2014-09-01 12:50:00,17.4,90.7
2014-09-01 12:55:00,17.5,90.9
2014-09-01 13:00:00,17.5,90.9
2014-09-01 13:05:00,17.4,90.8
2014-09-01 13:10:00,17.4,90.9
2014-09-01 13:15:00,17.5,91
2014-09-01 13:20:00,17.5,90.7
2014-09-01 13:25:00,17.5,90.5
2014-09-01 13:30:00,17.5,90
2014-09-01 13:35:00,17.6,89.6
2014-09-01 13:40:00,17.8,89
2014-09-01 13:45:00,17.9,88.1
2014-09-01 13:50:00,17.9,87.5
2014-09-01 13:55:00,18.2,86.8
2014-09-01 14:00:00,18.2,85.8
2014-09-01 14:05:00,18.1,85.5
2014-09-01 14:10:00,18.2,85.4
2014-09-01 14:15:00,18.1,85.6
2014-09-01 14:20:00,18.1,85.3
2014-09-01 14:25:00,18.3,85.8
2014-09-01 14:30:00,18.3,86.6
2014-09-01 14:35:00,18.1,87.7
2014-09-01 14:40:00,18.1,88.4
2014-09-01 14:45:00,18.2,88.7
2014-09-01 14:50:00,18.2,88.8
2014-09-01 14:55:00,18.4,88.8
2014-09-01 15:00:00,18.4,88.8
2014-09-01 15:05:00,18.2,88.7
2014-09-01 15:10:00,18.3,88.8
2014-09-01 15:15:00,18.4,88.6
2014-09-01 15:20:00,18.3,88.3
2014-09-01 15:25:00,18.4,87.9
2014-09-01 15:30:00,18.4,87.2
2014-09-01 15:35:00,18.5,87.1
2014-09-01 15:40:00,18.5,86.9
2014-09-01 15:45:00,18.4,87.3
2014-09-01 15:50:00,18.4,87.7
2014-09-01 15:55:00,18.4,88.2
2014-09-01 16:00:00,18.4,88.5
2014-09-01 16:05:00,18.4,88.7
2014-09-01 16:10:00,18.4,88.7
2014-09-01 16:15:00,18.5,88.5
2014-09-01 16:20:00,18.6,88.1
2014-09-01 16:25:00,18.6,87.5
2014-09-01 16:30:00,18.6,87.1
2014-09-01 16:35:00,18.7,86.7
2014-09-01 16:40:00,18.7,86.4
2014-09-01 16:45:00,18.7,86
2014-09-01 16:50:00,18.7,85.8
2014-09-01 16:55:00,18.8,85.5
2014-09-01 17:00:00,18.8,85.4
2014-09-01 17:05:00,18.9,85.2
2014-09-01 17:10:00,18.9,85.1
2014-09-01 17:15:00,18.9,84.8
2014-09-01 17:20:00,19,84.7
2014-09-01 17:25:00,19,84.7
2014-09-01 17:30:00,19,84.4
2014-09-01 17:35:00,19.1,84.1
2014-09-01 17:40:00,19.2,83.6
2014-09-01 17:45:00,19.2,83.1
2014-09-01 17:50:00,19.3,83.3
2014-09-01 17:55:00,19.3,83.1
2014-09-01 18:00:00,19.2,83.2
2014-09-01 18:05:00,19.2,83.4
2014-09-01 18:10:00,19.2,83.2
2014-09-01 18:15:00,19.2,83.1
2014-09-01 18:20:00,19.3,83
2014-09-01 18:25:00,19.3,83
2014-09-01 18:30:00,19.3,83.1
2014-09-01 18:35:00,19.2,83.1
2014-09-01 18:40:00,19.2,83.3
2014-09-01 18:45:00,19.2,83.4
2014-09-01 18:50:00,19.2,83.4
2014-09-01 18:55:00,19.1,84
2014-09-01 19:00:00,19,84.9
2014-09-01 19:05:00,18.9,85.7
2014-09-01 19:10:00,18.9,86.4
2014-09-01 19:15:00,18.9,87
2014-09-01 19:20:00,18.6,87.3
2014-09-01 19:25:00,18.4,87.5
2014-09-01 19:30:00,18.4,87.7
2014-09-01 19:35:00,18.4,88.2
2014-09-01 19:40:00,18.3,88.8
2014-09-01 19:45:00,18.1,90.1
2014-09-01 19:50:00,18.1,91
2014-09-01 19:55:00,17.9,91.6
2014-09-01 20:00:00,17.8,91.9
2014-09-01 20:05:00,17.7,92.2
2014-09-01 20:10:00,17.7,92.2
2014-09-01 20:15:00,17.8,92.2
2014-09-01 20:20:00,17.7,92.3
2014-09-01 20:25:00,17.5,91.9
2014-09-01 20:30:00,17.4,90.6
2014-09-01 20:35:00,17.3,88.8
2014-09-01 20:40:00,17.4,88.1
2014-09-01 20:45:00,17.2,87.5
2014-09-01 20:50:00,17.1,86.8
2014-09-01 20:55:00,17.1,86.4
2014-09-01 21:00:00,17,86.4
2014-09-01 21:05:00,17,86.3
2014-09-01 21:10:00,16.9,86
2014-09-01 21:15:00,16.9,85.9
2014-09-01 21:20:00,16.9,85.9
2014-09-01 21:25:00,16.9,85.9
2014-09-01 21:30:00,16.9,85.9
2014-09-01 21:35:00,16.9,86
2014-09-01 21:40:00,16.9,86
2014-09-01 21:45:00,16.8,86
2014-09-01 21:50:00,16.8,86
2014-09-01 21:55:00,16.7,86.4
2014-09-01 22:00:00,16.7,86.7
2014-09-01 22:05:00,16.6,86.9
2014-09-01 22:10:00,16.5,87.2
2014-09-01 22:15:00,16.5,87.4
2014-09-01 22:20:00,16.4,87.5
2014-09-01 22:25:00,16.4,87.9
2014-09-01 22:30:00,16.3,88.1
2014-09-01 22:35:00,16.3,88.2
2014-09-01 22:40:00,16.3,88.2
2014-09-01 22:45:00,16.3,88.1
2014-09-01 22:50:00,16.3,87.8
2014-09-01 22:55:00,16.3,87.8
2014-09-01 23:00:00,16.3,87.9
2014-09-01 23:05:00,16.2,88.2
2014-09-01 23:10:00,16.2,88.2
2014-09-01 23:15:00,16.2,88.2
2014-09-01 23:20:00,16.3,88
2014-09-01 23:25:00,16.3,88
2014-09-01 23:30:00,16.2,88
2014-09-01 23:35:00,16.1,88.1
2014-09-01 23:40:00,16.1,88.1
2014-09-01 23:45:00,16,88
2014-09-01 23:50:00,16,88
2014-09-01 23:55:00,16,87.8
2014-09-02 00:00:00,19.9,53.6
2014-09-02 00:05:00,19.5,54.1
2014-09-02 00:10:00,19.1,55.4
2014-09-02 00:15:00,19.4,55
2014-09-02 00:20:00,20.2,53.5
2014-09-02 00:25:00,20.2,53.5
2014-09-02 00:30:00,20.4,53.2
2014-09-02 00:35:00,19.8,54
2014-09-02 00:40:00,19.6,55.4
2014-09-02 00:45:00,19,56.9
2014-09-02 00:50:00,19.7,56.3
2014-09-02 00:55:00,19.6,56
2014-09-02 01:00:00,20,55.2
2014-09-02 01:05:00,19.9,54.7
2014-09-02 01:10:00,19.7,55.8
2014-09-02 01:15:00,19.7,55.6
2014-09-02 01:20:00,19.4,55.8
2014-09-02 01:25:00,19.4,55.9
2014-09-02 01:30:00,19.8,55.3
2014-09-02 01:35:00,20.3,52.7
2014-09-02 01:40:00,20.6,52
2014-09-02 01:45:00,20.6,52.2
2014-09-02 01:50:00,20.3,52.1
2014-09-02 01:55:00,20.3,51.8
2014-09-02 02:00:00,20.8,51.2
2014-09-02 02:05:00,20.5,51.5
2014-09-02 02:10:00,20.3,51.8
2014-09-02 02:15:00,20.6,51.4
2014-09-02 02:20:00,20.7,51.2
2014-09-02 02:25:00,20.6,52.2
2014-09-02 02:30:00,20.9,50.8
2014-09-02 02:35:00,20.5,51.3
2014-09-02 02:40:00,20.3,51.1
2014-09-02 02:45:00,20.1,50.1
2014-09-02 02:50:00,20.2,50.5
2014-09-02 02:55:00,20.2,51
2014-09-02 03:00:00,20.7,50.1
2014-09-02 03:05:00,21,49.6
2014-09-02 03:10:00,21.1,49.7
2014-09-02 03:15:00,20.7,50.1
2014-09-02 03:20:00,21.1,49.9
2014-09-02 03:25:00,21.5,48.6
2014-09-02 03:30:00,21.9,46.9
2014-09-02 03:35:00,21.6,47.2
2014-09-02 03:40:00,22.1,46.7
2014-09-02 03:45:00,21.7,47.1
2014-09-02 03:50:00,21.6,47.7
2014-09-02 03:55:00,21.9,47.5
2014-09-02 04:00:00,21.8,48.2
2014-09-02 04:05:00,21.5,49.5
2014-09-02 04:10:00,21.3,50.9
2014-09-02 04:15:00,21.3,51.6
2014-09-02 04:20:00,21.2,51.8
2014-09-02 04:25:00,21,54.1
2014-09-02 04:30:00,21,54.9
2014-09-02 04:35:00,21,54.3
2014-09-02 04:40:00,21,54.7
2014-09-02 04:45:00,20.9,54.7
2014-09-02 04:50:00,20.9,55.1
2014-09-02 04:55:00,20.9,55.7
2014-09-02 05:00:00,21,56.2
2014-09-02 05:05:00,21.2,55.1
2014-09-02 05:10:00,21,56.2
2014-09-02 05:15:00,20.9,56.3
2014-09-02 05:20:00,21.1,55.9
2014-09-02 05:25:00,20.8,56.8
2014-09-02 05:30:00,20.9,56.6
2014-09-02 05:35:00,20.8,57.3
2014-09-02 05:40:00,20.8,57.2
2014-09-02 05:45:00,20.7,58.7
2014-09-02 05:50:00,20.6,59.7
2014-09-02 05:55:00,20.7,59.7
2014-09-02 06:00:00,20.6,60.7
2014-09-02 06:05:00,20.5,61.9
2014-09-02 06:10:00,20.6,61.9
2014-09-02 06:15:00,20.6,61.4
2014-09-02 06:20:00,20.5,61.1
2014-09-02 06:25:00,20.3,62.4
2014-09-02 06:30:00,20.1,63.9
2014-09-02 06:35:00,20,64.4
2014-09-02 06:40:00,19.9,65.2
2014-09-02 06:45:00,19.9,65.6
2014-09-02 06:50:00,19.9,65.6
2014-09-02 06:55:00,19.9,65.8
2014-09-02 07:00:00,19.7,66.7
2014-09-02 07:05:00,19.7,67
2014-09-02 07:10:00,19.6,67.7
2014-09-02 07:15:00,19.4,68.5
2014-09-02 07:20:00,19.3,69.4
2014-09-02 07:25:00,19.3,69.8
2014-09-02 07:30:00,19.2,70.3
2014-09-02 07:35:00,19.1,70.5
2014-09-02 07:40:00,19,70.6
2014-09-02 07:45:00,18.9,71.2
2014-09-02 07:50:00,18.8,72.3
2014-09-02 07:55:00,18.7,73.1
2014-09-02 08:00:00,18.7,73.7
2014-09-02 08:05:00,18.7,74.1
2014-09-02 08:10:00,18.6,74.4
2014-09-02 08:15:00,18.5,75
2014-09-02 08:20:00,18.5,75.7
2014-09-02 08:25:00,18.4,76.3
2014-09-02 08:30:00,18.3,77.1
2014-09-02 08:35:00,18.2,77.6
2014-09-02 08:40:00,18.1,78.3
2014-09-02 08:45:00,18,78.7
2014-09-02 08:50:00,18,78.9
2014-09-02 08:55:00,18,79.2
2014-09-02 09:00:00,17.9,79.1
2014-09-02 09:05:00,17.9,79.2
2014-09-02 09:10:00,17.8,79
2014-09-02 09:15:00,17.7,79.3
2014-09-02 09:20:00,17.7,79.5
2014-09-02 09:25:00,17.7,79.9
2014-09-02 09:30:00,17.7,79.9
2014-09-02 09:35:00,17.7,80
2014-09-02 09:40:00,17.6,80.9
2014-09-02 09:45:00,17.5,81.4
2014-09-02 09:50:00,17.5,82.1
2014-09-02 09:55:00,17.5,82.8
2014-09-02 10:00:00,17.5,82.9
2014-09-02 10:05:00,17.5,82.8
2014-09-02 10:10:00,17.5,82.8
2014-09-02 10:15:00,17.5,82.8
2014-09-02 10:20:00,17.5,82.7
2014-09-02 10:25:00,17.5,82.4
2014-09-02 10:30:00,17.5,82.3
2014-09-02 10:35:00,17.5,82.2
2014-09-02 10:40:00,17.4,82.4
2014-09-02 10:45:00,17.4,82.8
2014-09-02 10:50:00,17.4,83.1
2014-09-02 10:55:00,17.5,83
2014-09-02 11:00:00,17.5,82.6
2014-09-02 11:05:00,17.5,82.5
2014-09-02 11:10:00,17.4,82.3
2014-09-02 11:15:00,17.4,81.9
2014-09-02 11:20:00,17.5,81.8
2014-09-02 11:25:00,17.4,82
2014-09-02 11:30:00,17.4,81.9
2014-09-02 11:35:00,17.4,82
2014-09-02 11:40:00,17.3,81.9
2014-09-02 11:45:00,17.3,81.9
2014-09-02 11:50:00,17.3,82.2
2014-09-02 11:55:00,17.2,82.3
2014-09-02 12:00:00,19.9,53.6
2014-09-02 12:05:00,19.5,54.1
2014-09-02 12:10:00,19.1,55.4
2014-09-02 12:15:00,19.4,55
2014-09-02 12:20:00,20.2,53.5
2014-09-02 12:25:00,20.2,53.5
2014-09-02 12:30:00,20.4,53.2
2014-09-02 12:35:00,19.8,54
2014-09-02 12:40:00,19.6,55.4
2014-09-02 12:45:00,19,56.9
2014-09-02 12:50:00,19.7,56.3
2014-09-02 12:55:00,19.6,56
2014-09-02 13:00:00,20,55.2
2014-09-02 13:05:00,19.9,54.7
2014-09-02 13:10:00,19.7,55.8
2014-09-02 13:15:00,19.7,55.6
2014-09-02 13:20:00,19.4,55.8
2014-09-02 13:25:00,19.4,55.9
2014-09-02 13:30:00,19.8,55.3
2014-09-02 13:35:00,20.3,52.7
2014-09-02 13:40:00,20.6,52
2014-09-02 13:45:00,20.6,52.2
2014-09-02 13:50:00,20.3,52.1
2014-09-02 13:55:00,20.3,51.8
2014-09-02 14:00:00,20.8,51.2
2014-09-02 14:05:00,20.5,51.5
2014-09-02 14:10:00,20.3,51.8
2014-09-02 14:15:00,20.6,51.4
2014-09-02 14:20:00,20.7,51.2
2014-09-02 14:25:00,20.6,52.2
2014-09-02 14:30:00,20.9,50.8
2014-09-02 14:35:00,20.5,51.3
2014-09-02 14:40:00,20.3,51.1
2014-09-02 14:45:00,20.1,50.1
2014-09-02 14:50:00,20.2,50.5
2014-09-02 14:55:00,20.2,51
2014-09-02 15:00:00,20.7,50.1
2014-09-02 15:05:00,21,49.6
2014-09-02 15:10:00,21.1,49.7
2014-09-02 15:15:00,20.7,50.1
2014-09-02 15:20:00,21.1,49.9
2014-09-02 15:25:00,21.5,48.6
2014-09-02 15:30:00,21.9,46.9
2014-09-02 15:35:00,21.6,47.2
2014-09-02 15:40:00,22.1,46.7
2014-09-02 15:45:00,21.7,47.1
2014-09-02 15:50:00,21.6,47.7
2014-09-02 15:55:00,21.9,47.5
2014-09-02 16:00:00,21.8,48.2
2014-09-02 16:05:00,21.5,49.5
2014-09-02 16:10:00,21.3,50.9
2014-09-02 16:15:00,21.3,51.6
2014-09-02 16:20:00,21.2,51.8
2014-09-02 16:25:00,21,54.1
2014-09-02 16:30:00,21,54.9
2014-09-02 16:35:00,21,54.3
2014-09-02 16:40:00,21,54.7
2014-09-02 16:45:00,20.9,54.7
2014-09-02 16:50:00,20.9,55.1
2014-09-02 16:55:00,20.9,55.7
2014-09-02 17:00:00,21,56.2
2014-09-02 17:05:00,21.2,55.1
2014-09-02 17:10:00,21,56.2
2014-09-02 17:15:00,20.9,56.3
2014-09-02 17:20:00,21.1,55.9
2014-09-02 17:25:00,20.8,56.8
2014-09-02 17:30:00,20.9,56.6
2014-09-02 17:35:00,20.8,57.3
2014-09-02 17:40:00,20.8,57.2
2014-09-02 17:45:00,20.7,58.7
2014-09-02 17:50:00,20.6,59.7
2014-09-02 17:55:00,20.7,59.7
2014-09-02 18:00:00,20.6,60.7
2014-09-02 18:05:00,20.5,61.9
2014-09-02 18:10:00,20.6,61.9
2014-09-02 18:15:00,20.6,61.4
2014-09-02 18:20:00,20.5,61.1
2014-09-02 18:25:00,20.3,62.4
2014-09-02 18:30:00,20.1,63.9
2014-09-02 18:35:00,20,64.4
2014-09-02 18:40:00,19.9,65.2
2014-09-02 18:45:00,19.9,65.6
2014-09-02 18:50:00,19.9,65.6
2014-09-02 18:55:00,19.9,65.8
2014-09-02 19:00:00,19.7,66.7
2014-09-02 19:05:00,19.7,67
2014-09-02 19:10:00,19.6,67.7
2014-09-02 19:15:00,19.4,68.5
2014-09-02 19:20:00,19.3,69.4
2014-09-02 19:25:00,19.3,69.8
2014-09-02 19:30:00,19.2,70.3
2014-09-02 19:35:00,19.1,70.5
2014-09-02 19:40:00,19,70.6
2014-09-02 19:45:00,18.9,71.2
2014-09-02 19:50:00,18.8,72.3
2014-09-02 19:55:00,18.7,73.1
2014-09-02 20:00:00,18.7,73.7
2014-09-02 20:05:00,18.7,74.1
2014-09-02 20:10:00,18.6,74.4
2014-09-02 20:15:00,18.5,75
2014-09-02 20:20:00,18.5,75.7
2014-09-02 20:25:00,18.4,76.3
2014-09-02 20:30:00,18.3,77.1
2014-09-02 20:35:00,18.2,77.6
2014-09-02 20:40:00,18.1,78.3
2014-09-02 20:45:00,18,78.7
2014-09-02 20:50:00,18,78.9
2014-09-02 20:55:00,18,79.2
2014-09-02 21:00:00,17.9,79.1
2014-09-02 21:05:00,17.9,79.2
2014-09-02 21:10:00,17.8,79
2014-09-02 21:15:00,17.7,79.3
2014-09-02 21:20:00,17.7,79.5
2014-09-02 21:25:00,17.7,79.9
2014-09-02 21:30:00,17.7,79.9
2014-09-02 21:35:00,17.7,80
2014-09-02 21:40:00,17.6,80.9
2014-09-02 21:45:00,17.5,81.4
2014-09-02 21:50:00,17.5,82.1
2014-09-02 21:55:00,17.5,82.8
2014-09-02 22:00:00,17.5,82.9
2014-09-02 22:05:00,17.5,82.8
2014-09-02 22:10:00,17.5,82.8
2014-09-02 22:15:00,17.5,82.8
2014-09-02 22:20:00,17.5,82.7
2014-09-02 22:25:00,17.5,82.4
2014-09-02 22:30:00,17.5,82.3
2014-09-02 22:35:00,17.5,82.2
2014-09-02 22:40:00,17.4,82.4
2014-09-02 22:45:00,17.4,82.8
2014-09-02 22:50:00,17.4,83.1
2014-09-02 22:55:00,17.5,83
2014-09-02 23:00:00,17.5,82.6
2014-09-02 23:05:00,17.5,82.5
2014-09-02 23:10:00,17.4,82.3
2014-09-02 23:15:00,17.4,81.9
2014-09-02 23:20:00,17.5,81.8
2014-09-02 23:25:00,17.4,82
2014-09-02 23:30:00,17.4,81.9
2014-09-02 23:35:00,17.4,82
2014-09-02 23:40:00,17.3,81.9
2014-09-02 23:45:00,17.3,81.9
2014-09-02 23:50:00,17.3,82.2
2014-09-02 23:55:00,17.2,82.3
2014-09-03 00:00:00,20.2,68.7
2014-09-03 00:05:00,20.2,68.2
2014-09-03 00:10:00,20.1,68.5
2014-09-03 00:15:00,19.9,68.9
2014-09-03 00:20:00,20.1,68.6
2014-09-03 00:25:00,20.9,66.3
2014-09-03 00:30:00,20.7,65.4
2014-09-03 00:35:00,20.7,65.6
2014-09-03 00:40:00,20.8,63.6
2014-09-03 00:45:00,21.1,61.5
2014-09-03 00:50:00,21.5,60.4
2014-09-03 00:55:00,21.3,59.9
2014-09-03 01:00:00,21.6,60
2014-09-03 01:05:00,21.5,60.8
2014-09-03 01:10:00,21.6,59.9
2014-09-03 01:15:00,21.6,59
2014-09-03 01:20:00,21.8,59
2014-09-03 01:25:00,21.7,59.1
2014-09-03 01:30:00,21.8,56.7
2014-09-03 01:35:00,21.6,57.4
2014-09-03 01:40:00,21.7,58.4
2014-09-03 01:45:00,21.8,58.3
2014-09-03 01:50:00,21.7,58.9
2014-09-03 01:55:00,21.7,58.8
2014-09-03 02:00:00,21.8,58.3
2014-09-03 02:05:00,21.8,58.1
2014-09-03 02:10:00,21.9,57.7
2014-09-03 02:15:00,22,58
2014-09-03 02:20:00,21.7,59.4
2014-09-03 02:25:00,21.6,60
2014-09-03 02:30:00,21.6,60.1
2014-09-03 02:35:00,21.5,59.3
2014-09-03 02:40:00,21.9,58.5
2014-09-03 02:45:00,22,58.3
2014-09-03 02:50:00,22.2,57.6
2014-09-03 02:55:00,22.2,57.6
2014-09-03 03:00:00,22.4,56.8
2014-09-03 03:05:00,22.1,57.5
2014-09-03 03:10:00,22.3,57.4
2014-09-03 03:15:00,22.3,56.9
2014-09-03 03:20:00,22.4,56.5
2014-09-03 03:25:00,22.3,57.6
2014-09-03 03:30:00,22,56.8
2014-09-03 03:35:00,22.2,56
2014-09-03 03:40:00,22.3,57.7
2014-09-03 03:45:00,22.3,57.9
2014-09-03 03:50:00,22,57.4
2014-09-03 03:55:00,21.9,57.8
2014-09-03 04:00:00,22.1,57.7
2014-09-03 04:05:00,22.2,57.7
2014-09-03 04:10:00,22,58.7
2014-09-03 04:15:00,21.9,59.1
2014-09-03 04:20:00,22.1,58.6
2014-09-03 04:25:00,22.1,58.7
2014-09-03 04:30:00,22.4,57.7
2014-09-03 04:35:00,22.5,56.4
2014-09-03 04:40:00,22.4,56
2014-09-03 04:45:00,22.4,55.4
2014-09-03 04:50:00,22.5,54.9
2014-09-03 04:55:00,22.5,54.8
2014-09-03 05:00:00,22.3,54.5
2014-09-03 05:05:00,22.3,54.1
2014-09-03 05:10:00,22.1,53.8
2014-09-03 05:15:00,22.3,53.5
2014-09-03 05:20:00,22.2,53
2014-09-03 05:25:00,22.2,52
2014-09-03 05:30:00,22.2,51.1
2014-09-03 05:35:00,22.2,49.6
2014-09-03 05:40:00,22.1,48.4
2014-09-03 05:45:00,21.9,47.8
2014-09-03 05:50:00,21.9,47
2014-09-03 05:55:00,21.9,47.3
2014-09-03 06:00:00,21.7,48.7
2014-09-03 06:05:00,21.7,49.5
2014-09-03 06:10:00,21.7,50.9
2014-09-03 06:15:00,21.4,54
2014-09-03 06:20:00,21.4,53.3
2014-09-03 06:25:00,21.2,52.6
2014-09-03 06:30:00,21.1,51.9
2014-09-03 06:35:00,21,51.3
2014-09-03 06:40:00,21,51.2
2014-09-03 06:45:00,20.9,53.4
2014-09-03 06:50:00,20.8,55.4
2014-09-03 06:55:00,20.7,54.7
2014-09-03 07:00:00,20.5,53.7
2014-09-03 07:05:00,20.4,51.5
2014-09-03 07:10:00,20.3,51
2014-09-03 07:15:00,20.3,50.5
2014-09-03 07:20:00,20.1,50.4
2014-09-03 07:25:00,20,50.6
2014-09-03 07:30:00,20,51.5
2014-09-03 07:35:00,19.9,52.3
2014-09-03 07:40:00,19.7,53.8
2014-09-03 07:45:00,19.6,55.8
2014-09-03 07:50:00,19.5,56.6
2014-09-03 07:55:00,19.4,57.3
2014-09-03 08:00:00,19.3,57.8
2014-09-03 08:05:00,19.2,58.6
2014-09-03 08:10:00,19.1,59.3
2014-09-03 08:15:00,19.1,59.4
2014-09-03 08:20:00,19.1,59.3
2014-09-03 08:25:00,19.1,59.3
2014-09-03 08:30:00,19,59.5
2014-09-03 08:35:00,18.9,59.7
2014-09-03 08:40:00,18.8,60.3
2014-09-03 08:45:00,18.7,61
2014-09-03 08:50:00,18.7,61.6
2014-09-03 08:55:00,18.7,62.6
2014-09-03 09:00:00,18.6,63.4
2014-09-03 09:05:00,18.6,64.2
2014-09-03 09:10:00,18.5,64.6
2014-09-03 09:15:00,18.5,65.2
2014-09-03 09:20:00,18.4,65.7
2014-09-03 09:25:00,18.4,66.3
2014-09-03 09:30:00,18.3,66.6
2014-09-03 09:35:00,18.2,66.8
2014-09-03 09:40:00,18.2,66.9
2014-09-03 09:45:00,18.1,66.8
2014-09-03 09:50:00,18,66.8
2014-09-03 09:55:00,17.9,67.5
2014-09-03 10:00:00,17.9,68.2
2014-09-03 10:05:00,17.9,68.7
2014-09-03 10:10:00,17.8,69.6
2014-09-03 10:15:00,17.7,70.6
2014-09-03 10:20:00,17.6,71.3
2014-09-03 10:25:00,17.5,72.1
2014-09-03 10:30:00,17.5,72.8
2014-09-03 10:35:00,17.4,73.2
2014-09-03 10:40:00,17.4,73.7
2014-09-03 10:45:00,17.4,74
2014-09-03 10:50:00,17.3,74.4
2014-09-03 10:55:00,17.3,75
2014-09-03 11:00:00,17.2,75.7
2014-09-03 11:05:00,17.2,76.1
2014-09-03 11:10:00,17.1,76.7
2014-09-03 11:15:00,17,77.6
2014-09-03 11:20:00,16.9,78.1
2014-09-03 11:25:00,16.9,78.5
2014-09-03 11:30:00,16.9,78.9
2014-09-03 11:35:00,16.9,79.1
2014-09-03 11:40:00,16.8,79.5
2014-09-03 11:45:00,16.8,79.7
2014-09-03 11:50:00,16.8,79.8
2014-09-03 11:55:00,16.7,79.9
2014-09-03 12:00:00,20.2,68.7
2014-09-03 12:05:00,20.2,68.2
2014-09-03 12:10:00,20.1,68.5
2014-09-03 12:15:00,19.9,68.9
2014-09-03 12:20:00,20.1,68.6
2014-09-03 12:25:00,20.9,66.3
2014-09-03 12:30:00,20.7,65.4
2014-09-03 12:35:00,20.7,65.6
2014-09-03 12:40:00,20.8,63.6
2014-09-03 12:45:00,21.1,61.5
2014-09-03 12:50:00,21.5,60.4
2014-09-03 12:55:00,21.3,59.9
2014-09-03 13:00:00,21.6,60
2014-09-03 13:05:00,21.5,60.8
2014-09-03 13:10:00,21.6,59.9
2014-09-03 13:15:00,21.6,59
2014-09-03 13:20:00,21.8,59
2014-09-03 13:25:00,21.7,59.1
2014-09-03 13:30:00,21.8,56.7
2014-09-03 13:35:00,21.6,57.4
2014-09-03 13:40:00,21.7,58.4
2014-09-03 13:45:00,21.8,58.3
2014-09-03 13:50:00,21.7,58.9
2014-09-03 13:55:00,21.7,58.8
2014-09-03 14:00:00,21.8,58.3
2014-09-03 14:05:00,21.8,58.1
2014-09-03 14:10:00,21.9,57.7
2014-09-03 14:15:00,22,58
2014-09-03 14:20:00,21.7,59.4
2014-09-03 14:25:00,21.6,60
2014-09-03 14:30:00,21.6,60.1
2014-09-03 14:35:00,21.5,59.3
2014-09-03 14:40:00,21.9,58.5
2014-09-03 14:45:00,22,58.3
2014-09-03 14:50:00,22.2,57.6
2014-09-03 14:55:00,22.2,57.6
2014-09-03 15:00:00,22.4,56.8
2014-09-03 15:05:00,22.1,57.5
2014-09-03 15:10:00,22.3,57.4
2014-09-03 15:15:00,22.3,56.9
2014-09-03 15:20:00,22.4,56.5
2014-09-03 15:25:00,22.3,57.6
2014-09-03 15:30:00,22,56.8
2014-09-03 15:35:00,22.2,56
2014-09-03 15:40:00,22.3,57.7
2014-09-03 15:45:00,22.3,57.9
2014-09-03 15:50:00,22,57.4
2014-09-03 15:55:00,21.9,57.8
2014-09-03 16:00:00,22.1,57.7
2014-09-03 16:05:00,22.2,57.7
2014-09-03 16:10:00,22,58.7
2014-09-03 16:15:00,21.9,59.1
2014-09-03 16:20:00,22.1,58.6
2014-09-03 16:25:00,22.1,58.7
2014-09-03 16:30:00,22.4,57.7
2014-09-03 16:35:00,22.5,56.4
2014-09-03 16:40:00,22.4,56
2014-09-03 16:45:00,22.4,55.4
2014-09-03 16:50:00,22.5,54.9
2014-09-03 16:55:00,22.5,54.8
2014-09-03 17:00:00,22.3,54.5
2014-09-03 17:05:00,22.3,54.1
2014-09-03 17:10:00,22.1,53.8
2014-09-03 17:15:00,22.3,53.5
2014-09-03 17:20:00,22.2,53
2014-09-03 17:25:00,22.2,52
2014-09-03 17:30:00,22.2,51.1
2014-09-03 17:35:00,22.2,49.6
2014-09-03 17:40:00,22.1,48.4
2014-09-03 17:45:00,21.9,47.8
2014-09-03 17:50:00,21.9,47
2014-09-03 17:55:00,21.9,47.3
2014-09-03 18:00:00,21.7,48.7
2014-09-03 18:05:00,21.7,49.5
2014-09-03 18:10:00,21.7,50.9
2014-09-03 18:15:00,21.4,54
2014-09-03 18:20:00,21.4,53.3
2014-09-03 18:25:00,21.2,52.6
2014-09-03 18:30:00,21.1,51.9
2014-09-03 18:35:00,21,51.3
2014-09-03 18:40:00,21,51.2
2014-09-03 18:45:00,20.9,53.4
2014-09-03 18:50:00,20.8,55.4
2014-09-03 18:55:00,20.7,54.7
2014-09-03 19:00:00,20.5,53.7
2014-09-03 19:05:00,20.4,51.5
2014-09-03 19:10:00,20.3,51
2014-09-03 19:15:00,20.3,50.5
2014-09-03 19:20:00,20.1,50.4
2014-09-03 19:25:00,20,50.6
2014-09-03 19:30:00,20,51.5
2014-09-03 19:35:00,19.9,52.3
2014-09-03 19:40:00,19.7,53.8
2014-09-03 19:45:00,19.6,55.8
2014-09-03 19:50:00,19.5,56.6
2014-09-03 19:55:00,19.4,57.3
2014-09-03 20:00:00,19.3,57.8
2014-09-03 20:05:00,19.2,58.6
2014-09-03 20:10:00,19.1,59.3
2014-09-03 20:15:00,19.1,59.4
2014-09-03 20:20:00,19.1,59.3
2014-09-03 20:25:00,19.1,59.3
2014-09-03 20:30:00,19,59.5
2014-09-03 20:35:00,18.9,59.7
2014-09-03 20:40:00,18.8,60.3
2014-09-03 20:45:00,18.7,61
2014-09-03 20:50:00,18.7,61.6
2014-09-03 20:55:00,18.7,62.6
2014-09-03 21:00:00,18.6,63.4
2014-09-03 21:05:00,18.6,64.2
2014-09-03 21:10:00,18.5,64.6
2014-09-03 21:15:00,18.5,65.2
2014-09-03 21:20:00,18.4,65.7
2014-09-03 21:25:00,18.4,66.3
2014-09-03 21:30:00,18.3,66.6
2014-09-03 21:35:00,18.2,66.8
2014-09-03 21:40:00,18.2,66.9
2014-09-03 21:45:00,18.1,66.8
2014-09-03 21:50:00,18,66.8
2014-09-03 21:55:00,17.9,67.5
2014-09-03 22:00:00,17.9,68.2
2014-09-03 22:05:00,17.9,68.7
2014-09-03 22:10:00,17.8,69.6
2014-09-03 22:15:00,17.7,70.6
2014-09-03 22:20:00,17.6,71.3
2014-09-03 22:25:00,17.5,72.1
2014-09-03 22:30:00,17.5,72.8
2014-09-03 22:35:00,17.4,73.2
2014-09-03 22:40:00,17.4,73.7
2014-09-03 22:45:00,17.4,74
2014-09-03 22:50:00,17.3,74.4
2014-09-03 22:55:00,17.3,75
2014-09-03 23:00:00,17.2,75.7
2014-09-03 23:05:00,17.2,76.1
2014-09-03 23:10:00,17.1,76.7
2014-09-03 23:15:00,17,77.6
2014-09-03 23:20:00,16.9,78.1
2014-09-03 23:25:00,16.9,78.5
2014-09-03 23:30:00,16.9,78.9
2014-09-03 23:35:00,16.9,79.1
2014-09-03 23:40:00,16.8,79.5
2014-09-03 23:45:00,16.8,79.7
2014-09-03 23:50:00,16.8,79.8
2014-09-03 23:55:00,16.7,79.9
2014-09-04 00:00:00,19.4,68.5
2014-09-04 00:05:00,19.4,68.2
2014-09-04 00:10:00,19.5,67.7
2014-09-04 00:15:00,19.4,67.8
2014-09-04 00:20:00,19.5,68
2014-09-04 00:25:00,19.4,68.9
2014-09-04 00:30:00,19.4,68.7
2014-09-04 00:35:00,19.4,68.6
2014-09-04 00:40:00,19.5,68.3
2014-09-04 00:45:00,19.6,67.9
2014-09-04 00:50:00,19.6,67
2014-09-04 00:55:00,19.6,66.7
2014-09-04 01:00:00,19.6,66.8
2014-09-04 01:05:00,19.7,66.8
2014-09-04 01:10:00,19.8,66.5
2014-09-04 01:15:00,19.7,67
2014-09-04 01:20:00,19.7,67.3
2014-09-04 01:25:00,19.8,67.5
2014-09-04 01:30:00,19.9,66.8
2014-09-04 01:35:00,20,65.7
2014-09-04 01:40:00,20.1,65.2
2014-09-04 01:45:00,20.3,64.8
2014-09-04 01:50:00,20.2,65.3
2014-09-04 01:55:00,20.1,65.6
2014-09-04 02:00:00,20.1,65.6
2014-09-04 02:05:00,20.1,64.9
2014-09-04 02:10:00,20.1,64.4
2014-09-04 02:15:00,20.1,64.7
2014-09-04 02:20:00,20,64.9
2014-09-04 02:25:00,20.1,64.9
2014-09-04 02:30:00,20.2,65.2
2014-09-04 02:35:00,20.2,65.4
2014-09-04 02:40:00,20.1,64.6
2014-09-04 02:45:00,20.2,64.6
2014-09-04 02:50:00,20.3,64.4
2014-09-04 02:55:00,20.3,64.4
2014-09-04 03:00:00,20.2,64.5
2014-09-04 03:05:00,20.3,64.9
2014-09-04 03:10:00,20.5,64.6
2014-09-04 03:15:00,20.3,65.2
2014-09-04 03:20:00,20.3,64.6
2014-09-04 03:25:00,20.2,63.9
2014-09-04 03:30:00,20.2,64.1
2014-09-04 03:35:00,20.1,64.4
2014-09-04 03:40:00,20.3,64.3
2014-09-04 03:45:00,20.4,64.3
2014-09-04 03:50:00,20.4,63.8
2014-09-04 03:55:00,20.5,64
2014-09-04 04:00:00,20.3,63.9
2014-09-04 04:05:00,20.4,63.6
2014-09-04 04:10:00,20.4,63
2014-09-04 04:15:00,20.3,62.5
2014-09-04 04:20:00,20.3,61.3
2014-09-04 04:25:00,20.4,60.9
2014-09-04 04:30:00,20.5,60.1
2014-09-04 04:35:00,20.6,60.5
2014-09-04 04:40:00,20.6,61.1
2014-09-04 04:45:00,20.7,60.7
2014-09-04 04:50:00,20.6,60.9
2014-09-04 04:55:00,20.6,60.5
2014-09-04 05:00:00,20.7,59.9
2014-09-04 05:05:00,20.7,60.1
2014-09-04 05:10:00,20.6,60.3
2014-09-04 05:15:00,20.6,60.7
2014-09-04 05:20:00,20.7,60.8
2014-09-04 05:25:00,20.7,61.5
2014-09-04 05:30:00,20.7,62.4
2014-09-04 05:35:00,20.5,64.2
2014-09-04 05:40:00,20.4,64.6
2014-09-04 05:45:00,20.4,64.7
2014-09-04 05:50:00,20.5,64.3
2014-09-04 05:55:00,20.4,63.9
2014-09-04 06:00:00,20.4,64
2014-09-04 06:05:00,20.4,62.9
2014-09-04 06:10:00,20.4,62.7
2014-09-04 06:15:00,20.4,62.4
2014-09-04 06:20:00,20.5,62.4
2014-09-04 06:25:00,20.5,61.4
2014-09-04 06:30:00,20.4,61.1
2014-09-04 06:35:00,20.5,61
2014-09-04 06:40:00,20.4,60.1
2014-09-04 06:45:00,20.4,59.2
2014-09-04 06:50:00,20.5,58.9
2014-09-04 06:55:00,20.4,59.1
2014-09-04 07:00:00,20.4,59.4
2014-09-04 07:05:00,20.4,60.2
2014-09-04 07:10:00,20.4,61.3
2014-09-04 07:15:00,20.4,61.8
2014-09-04 07:20:00,20.3,62.3
2014-09-04 07:25:00,20.2,62.5
2014-09-04 07:30:00,20.2,63
2014-09-04 07:35:00,20.2,63.1
2014-09-04 07:40:00,20,62.7
2014-09-04 07:45:00,20,62.8
2014-09-04 07:50:00,20,62.8
2014-09-04 07:55:00,20,62.7
2014-09-04 08:00:00,20,62.7
2014-09-04 08:05:00,19.9,62.5
2014-09-04 08:10:00,19.9,62.3
2014-09-04 08:15:00,19.9,62.2
2014-09-04 08:20:00,19.8,62.4
2014-09-04 08:25:00,19.8,62.6
2014-09-04 08:30:00,19.7,62.5
2014-09-04 08:35:00,19.7,62.6
2014-09-04 08:40:00,19.7,62.8
2014-09-04 08:45:00,19.6,62.8
2014-09-04 08:50:00,19.6,63
2014-09-04 08:55:00,19.6,63.1
2014-09-04 09:00:00,19.5,63.3
2014-09-04 09:05:00,19.5,63.4
2014-09-04 09:10:00,19.5,63.5
2014-09-04 09:15:00,19.4,63.6
2014-09-04 09:20:00,19.4,63.6
2014-09-04 09:25:00,19.3,63.9
2014-09-04 09:30:00,19.3,64
2014-09-04 09:35:00,19.2,64.3
2014-09-04 09:40:00,19.2,64.6
2014-09-04 09:45:00,19.2,65.2
2014-09-04 09:50:00,19.2,66.6
2014-09-04 09:55:00,19.1,68.3
2014-09-04 10:00:00,19,69.1
2014-09-04 10:05:00,18.9,69.9
2014-09-04 10:10:00,18.9,70.2
2014-09-04 10:15:00,18.9,70.3
2014-09-04 10:20:00,18.9,71
2014-09-04 10:25:00,18.8,72.2
2014-09-04 10:30:00,18.8,72.9
2014-09-04 10:35:00,18.7,73.4
2014-09-04 10:40:00,18.7,73.9
2014-09-04 10:45:00,18.7,74.1
2014-09-04 10:50:00,18.7,74.5
2014-09-04 10:55:00,18.7,75.3
2014-09-04 11:00:00,18.7,75.9
2014-09-04 11:05:00,18.6,76.7
2014-09-04 11:10:00,18.6,77.2
2014-09-04 11:15:00,18.6,77.6
2014-09-04 11:20:00,18.6,77.6
2014-09-04 11:25:00,18.5,77.4
2014-09-04 11:30:00,18.5,76.4
2014-09-04 11:35:00,18.4,76.7
2014-09-04 11:40:00,18.4,76.8
2014-09-04 11:45:00,18.4,77.2
2014-09-04 11:50:00,18.4,78.1
2014-09-04 11:55:00,18.4,79
2014-09-04 12:00:00,19.4,68.5
2014-09-04 12:05:00,19.4,68.2
2014-09-04 12:10:00,19.5,67.7
2014-09-04 12:15:00,19.4,67.8
2014-09-04 12:20:00,19.5,68
2014-09-04 12:25:00,19.4,68.9
2014-09-04 12:30:00,19.4,68.7
2014-09-04 12:35:00,19.4,68.6
2014-09-04 12:40:00,19.5,68.3
2014-09-04 12:45:00,19.6,67.9
2014-09-04 12:50:00,19.6,67
2014-09-04 12:55:00,19.6,66.7
2014-09-04 13:00:00,19.6,66.8
2014-09-04 13:05:00,19.7,66.8
2014-09-04 13:10:00,19.8,66.5
2014-09-04 13:15:00,19.7,67
2014-09-04 13:20:00,19.7,67.3
2014-09-04 13:25:00,19.8,67.5
2014-09-04 13:30:00,19.9,66.8
2014-09-04 13:35:00,20,65.7
2014-09-04 13:40:00,20.1,65.2
2014-09-04 13:45:00,20.3,64.8
2014-09-04 13:50:00,20.2,65.3
2014-09-04 13:55:00,20.1,65.6
2014-09-04 14:00:00,20.1,65.6
2014-09-04 14:05:00,20.1,64.9
2014-09-04 14:10:00,20.1,64.4
2014-09-04 14:15:00,20.1,64.7
2014-09-04 14:20:00,20,64.9
2014-09-04 14:25:00,20.1,64.9
2014-09-04 14:30:00,20.2,65.2
2014-09-04 14:35:00,20.2,65.4
2014-09-04 14:40:00,20.1,64.6
2014-09-04 14:45:00,20.2,64.6
2014-09-04 14:50:00,20.3,64.4
2014-09-04 14:55:00,20.3,64.4
2014-09-04 15:00:00,20.2,64.5
2014-09-04 15:05:00,20.3,64.9
2014-09-04 15:10:00,20.5,64.6
2014-09-04 15:15:00,20.3,65.2
2014-09-04 15:20:00,20.3,64.6
2014-09-04 15:25:00,20.2,63.9
2014-09-04 15:30:00,20.2,64.1
2014-09-04 15:35:00,20.1,64.4
2014-09-04 15:40:00,20.3,64.3
2014-09-04 15:45:00,20.4,64.3
2014-09-04 15:50:00,20.4,63.8
2014-09-04 15:55:00,20.5,64
2014-09-04 16:00:00,20.3,63.9
2014-09-04 16:05:00,20.4,63.6
2014-09-04 16:10:00,20.4,63
2014-09-04 16:15:00,20.3,62.5
2014-09-04 16:20:00,20.3,61.3
2014-09-04 16:25:00,20.4,60.9
2014-09-04 16:30:00,20.5,60.1
2014-09-04 16:35:00,20.6,60.5
2014-09-04 16:40:00,20.6,61.1
2014-09-04 16:45:00,20.7,60.7
2014-09-04 16:50:00,20.6,60.9
2014-09-04 16:55:00,20.6,60.5
2014-09-04 17:00:00,20.7,59.9
2014-09-04 17:05:00,20.7,60.1
2014-09-04 17:10:00,20.6,60.3
2014-09-04 17:15:00,20.6,60.7
2014-09-04 17:20:00,20.7,60.8
2014-09-04 17:25:00,20.7,61.5
2014-09-04 17:30:00,20.7,62.4
2014-09-04 17:35:00,20.5,64.2
2014-09-04 17:40:00,20.4,64.6
2014-09-04 17:45:00,20.4,64.7
2014-09-04 17:50:00,20.5,64.3
2014-09-04 17:55:00,20.4,63.9
2014-09-04 18:00:00,20.4,64
2014-09-04 18:05:00,20.4,62.9
2014-09-04 18:10:00,20.4,62.7
2014-09-04 18:15:00,20.4,62.4
2014-09-04 18:20:00,20.5,62.4
2014-09-04 18:25:00,20.5,61.4
2014-09-04 18:30:00,20.4,61.1
2014-09-04 18:35:00,20.5,61
2014-09-04 18:40:00,20.4,60.1
2014-09-04 18:45:00,20.4,59.2
2014-09-04 18:50:00,20.5,58.9
2014-09-04 18:55:00,20.4,59.1
2014-09-04 19:00:00,20.4,59.4
2014-09-04 19:05:00,20.4,60.2
2014-09-04 19:10:00,20.4,61.3
2014-09-04 19:15:00,20.4,61.8
2014-09-04 19:20:00,20.3,62.3
2014-09-04 19:25:00,20.2,62.5
2014-09-04 19:30:00,20.2,63
2014-09-04 19:35:00,20.2,63.1
2014-09-04 19:40:00,20,62.7
2014-09-04 19:45:00,20,62.8
2014-09-04 19:50:00,20,62.8
2014-09-04 19:55:00,20,62.7
2014-09-04 20:00:00,20,62.7
2014-09-04 20:05:00,19.9,62.5
2014-09-04 20:10:00,19.9,62.3
2014-09-04 20:15:00,19.9,62.2
2014-09-04 20:20:00,19.8,62.4
2014-09-04 20:25:00,19.8,62.6
2014-09-04 20:30:00,19.7,62.5
2014-09-04 20:35:00,19.7,62.6
2014-09-04 20:40:00,19.7,62.8
2014-09-04 20:45:00,19.6,62.8
2014-09-04 20:50:00,19.6,63
2014-09-04 20:55:00,19.6,63.1
2014-09-04 21:00:00,19.5,63.3
2014-09-04 21:05:00,19.5,63.4
2014-09-04 21:10:00,19.5,63.5
2014-09-04 21:15:00,19.4,63.6
2014-09-04 21:20:00,19.4,63.6
2014-09-04 21:25:00,19.3,63.9
2014-09-04 21:30:00,19.3,64
2014-09-04 21:35:00,19.2,64.3
2014-09-04 21:40:00,19.2,64.6
2014-09-04 21:45:00,19.2,65.2
2014-09-04 21:50:00,19.2,66.6
2014-09-04 21:55:00,19.1,68.3
2014-09-04 22:00:00,19,69.1
2014-09-04 22:05:00,18.9,69.9
2014-09-04 22:10:00,18.9,70.2
2014-09-04 22:15:00,18.9,70.3
2014-09-04 22:20:00,18.9,71
2014-09-04 22:25:00,18.8,72.2
2014-09-04 22:30:00,18.8,72.9
2014-09-04 22:35:00,18.7,73.4
2014-09-04 22:40:00,18.7,73.9
2014-09-04 22:45:00,18.7,74.1
2014-09-04 22:50:00,18.7,74.5
2014-09-04 22:55:00,18.7,75.3
2014-09-04 23:00:00,18.7,75.9
2014-09-04 23:05:00,18.6,76.7
2014-09-04 23:10:00,18.6,77.2
2014-09-04 23:15:00,18.6,77.6
2014-09-04 23:20:00,18.6,77.6
2014-09-04 23:25:00,18.5,77.4
2014-09-04 23:30:00,18.5,76.4
2014-09-04 23:35:00,18.4,76.7
2014-09-04 23:40:00,18.4,76.8
2014-09-04 23:45:00,18.4,77.2
2014-09-04 23:50:00,18.4,78.1
2014-09-04 23:55:00,18.4,79
2014-09-05 00:00:00,19.2,66.9
2014-09-05 00:05:00,19.6,65.1
2014-09-05 00:10:00,19.3,65.7
2014-09-05 00:15:00,19.5,65.8
2014-09-05 00:20:00,19.5,64.8
2014-09-05 00:25:00,19.8,63.8
2014-09-05 00:30:00,19.5,63.4
2014-09-05 00:35:00,19.3,63.9
2014-09-05 00:40:00,19.4,64.4
2014-09-05 00:45:00,19.4,64.4
2014-09-05 00:50:00,19.4,63.8
2014-09-05 00:55:00,19.6,62.6
2014-09-05 01:00:00,19.9,61.4
2014-09-05 01:05:00,20.2,60.4
2014-09-05 01:10:00,20.5,59.2
2014-09-05 01:15:00,20.6,58.7
2014-09-05 01:20:00,20.2,59.6
2014-09-05 01:25:00,20,60.6
2014-09-05 01:30:00,20.3,60.3
2014-09-05 01:35:00,20.2,60.2
2014-09-05 01:40:00,20.2,60.2
2014-09-05 01:45:00,20.2,61.2
2014-09-05 01:50:00,20.1,61.5
2014-09-05 01:55:00,20.1,61.7
2014-09-05 02:00:00,20.1,61.7
2014-09-05 02:05:00,20.2,61.2
2014-09-05 02:10:00,20.3,61.3
2014-09-05 02:15:00,20.4,60.8
2014-09-05 02:20:00,20.3,60.8
2014-09-05 02:25:00,20.4,60.9
2014-09-05 02:30:00,20.4,60.8
2014-09-05 02:35:00,20.5,60.3
2014-09-05 02:40:00,20.5,60.5
2014-09-05 02:45:00,20.4,61.4
2014-09-05 02:50:00,20.3,61.4
2014-09-05 02:55:00,20.4,61.8
2014-09-05 03:00:00,20.4,61.9
2014-09-05 03:05:00,20.3,62
2014-09-05 03:10:00,20.1,62.9
2014-09-05 03:15:00,20,64.1
2014-09-05 03:20:00,19.7,65.5
2014-09-05 03:25:00,19.4,66.6
2014-09-05 03:30:00,19.4,66.6
2014-09-05 03:35:00,19.4,66.6
2014-09-05 03:40:00,19.4,66.8
2014-09-05 03:45:00,19.3,67.3
2014-09-05 03:50:00,19.3,67.6
2014-09-05 03:55:00,19.2,67.9
2014-09-05 04:00:00,19.3,67.7
2014-09-05 04:05:00,19.3,67.4
2014-09-05 04:10:00,19.3,67.5
2014-09-05 04:15:00,19.3,67.1
2014-09-05 04:20:00,19.3,66.8
2014-09-05 04:25:00,19.3,66
2014-09-05 04:30:00,19.3,65.6
2014-09-05 04:35:00,19.4,65.3
2014-09-05 04:40:00,19.4,65.6
2014-09-05 04:45:00,19.4,65.5
2014-09-05 04:50:00,19.3,65.9
2014-09-05 04:55:00,19.3,66.1
2014-09-05 05:00:00,19.2,66.2
2014-09-05 05:05:00,19.3,66
2014-09-05 05:10:00,19.3,66.1
2014-09-05 05:15:00,19.3,66.8
2014-09-05 05:20:00,19.4,66.4
2014-09-05 05:25:00,19.3,66.4
2014-09-05 05:30:00,19.4,66.7
2014-09-05 05:35:00,19.4,66.3
2014-09-05 05:40:00,19.4,66
2014-09-05 05:45:00,19.3,66.1
2014-09-05 05:50:00,19.3,65.3
2014-09-05 05:55:00,19.3,65.1
2014-09-05 06:00:00,19.3,64.9
2014-09-05 06:05:00,19.3,65.2
2014-09-05 06:10:00,19.3,65.2
2014-09-05 06:15:00,19.3,65.3
2014-09-05 06:20:00,19.2,65.1
2014-09-05 06:25:00,19.3,64.6
2014-09-05 06:30:00,19.2,64.6
2014-09-05 06:35:00,19.2,64.1
2014-09-05 06:40:00,19.2,63.9
2014-09-05 06:45:00,19.2,63.3
2014-09-05 06:50:00,19.1,63.2
2014-09-05 06:55:00,19.1,63.2
2014-09-05 07:00:00,19.2,63.2
2014-09-05 07:05:00,19.1,63
2014-09-05 07:10:00,19.1,63.2
2014-09-05 07:15:00,19.1,63.3
2014-09-05 07:20:00,19.1,63.3
2014-09-05 07:25:00,19.1,63.5
2014-09-05 07:30:00,19.1,63.8
2014-09-05 07:35:00,19.1,64.1
2014-09-05 07:40:00,19.1,64
2014-09-05 07:45:00,19,64.4
2014-09-05 07:50:00,18.9,64.7
2014-09-05 07:55:00,18.9,64.5
2014-09-05 08:00:00,18.9,64.5
2014-09-05 08:05:00,18.9,64.4
2014-09-05 08:10:00,18.9,64.2
2014-09-05 08:15:00,18.9,64
2014-09-05 08:20:00,18.9,63.8
2014-09-05 08:25:00,18.9,63.5
2014-09-05 08:30:00,18.9,63.4
2014-09-05 08:35:00,18.9,63.3
2014-09-05 08:40:00,18.9,63.4
2014-09-05 08:45:00,18.8,63.7
2014-09-05 08:50:00,18.8,63.6
2014-09-05 08:55:00,18.8,63.4
2014-09-05 09:00:00,18.8,63.4
2014-09-05 09:05:00,18.8,63.6
2014-09-05 09:10:00,18.7,63.5
2014-09-05 09:15:00,18.7,63.7
2014-09-05 09:20:00,18.7,64
2014-09-05 09:25:00,18.7,63.9
2014-09-05 09:30:00,18.7,63.9
2014-09-05 09:35:00,18.7,64
2014-09-05 09:40:00,18.8,64
2014-09-05 09:45:00,18.7,63.9
2014-09-05 09:50:00,18.7,64.2
2014-09-05 09:55:00,18.7,64.3
2014-09-05 10:00:00,18.7,64.5
2014-09-05 10:05:00,18.7,64.5
2014-09-05 10:10:00,18.7,64.4
2014-09-05 10:15:00,18.7,64.5
2014-09-05 10:20:00,18.7,64.6
2014-09-05 10:25:00,18.7,64.8
2014-09-05 10:30:00,18.7,64.7
2014-09-05 10:35:00,18.7,64.8
2014-09-05 10:40:00,18.7,65.2
2014-09-05 10:45:00,18.7,65.1
2014-09-05 10:50:00,18.7,65.1
2014-09-05 10:55:00,18.7,65.5
2014-09-05 11:00:00,18.7,65.3
2014-09-05 11:05:00,18.7,65.3
2014-09-05 11:10:00,18.7,65.2
2014-09-05 11:15:00,18.6,65.5
2014-09-05 11:20:00,18.6,65.7
2014-09-05 11:25:00,18.7,65.8
2014-09-05 11:30:00,18.7,65.9
2014-09-05 11:35:00,18.7,66
2014-09-05 11:40:00,18.7,65.7
2014-09-05 11:45:00,18.7,65.4
2014-09-05 11:50:00,18.7,65.4
2014-09-05 11:55:00,18.7,65.7
2014-09-05 12:00:00,19.2,66.9
2014-09-05 12:05:00,19.6,65.1
2014-09-05 12:10:00,19.3,65.7
2014-09-05 12:15:00,19.5,65.8
2014-09-05 12:20:00,19.5,64.8
2014-09-05 12:25:00,19.8,63.8
2014-09-05 12:30:00,19.5,63.4
2014-09-05 12:35:00,19.3,63.9
2014-09-05 12:40:00,19.4,64.4
2014-09-05 12:45:00,19.4,64.4
2014-09-05 12:50:00,19.4,63.8
2014-09-05 12:55:00,19.6,62.6
2014-09-05 13:00:00,19.9,61.4
2014-09-05 13:05:00,20.2,60.4
2014-09-05 13:10:00,20.5,59.2
2014-09-05 13:15:00,20.6,58.7
2014-09-05 13:20:00,20.2,59.6
2014-09-05 13:25:00,20,60.6
2014-09-05 13:30:00,20.3,60.3
2014-09-05 13:35:00,20.2,60.2
2014-09-05 13:40:00,20.2,60.2
2014-09-05 13:45:00,20.2,61.2
2014-09-05 13:50:00,20.1,61.5
2014-09-05 13:55:00,20.1,61.7
2014-09-05 14:00:00,20.1,61.7
2014-09-05 14:05:00,20.2,61.2
2014-09-05 14:10:00,20.3,61.3
2014-09-05 14:15:00,20.4,60.8
2014-09-05 14:20:00,20.3,60.8
2014-09-05 14:25:00,20.4,60.9
2014-09-05 14:30:00,20.4,60.8
2014-09-05 14:35:00,20.5,60.3
2014-09-05 14:40:00,20.5,60.5
2014-09-05 14:45:00,20.4,61.4
2014-09-05 14:50:00,20.3,61.4
2014-09-05 14:55:00,20.4,61.8
2014-09-05 15:00:00,20.4,61.9
2014-09-05 15:05:00,20.3,62
2014-09-05 15:10:00,20.1,62.9
2014-09-05 15:15:00,20,64.1
2014-09-05 15:20:00,19.7,65.5
2014-09-05 15:25:00,19.4,66.6
2014-09-05 15:30:00,19.4,66.6
2014-09-05 15:35:00,19.4,66.6
2014-09-05 15:40:00,19.4,66.8
2014-09-05 15:45:00,19.3,67.3
2014-09-05 15:50:00,19.3,67.6
2014-09-05 15:55:00,19.2,67.9
2014-09-05 16:00:00,19.3,67.7
2014-09-05 16:05:00,19.3,67.4
2014-09-05 16:10:00,19.3,67.5
2014-09-05 16:15:00,19.3,67.1
2014-09-05 16:20:00,19.3,66.8
2014-09-05 16:25:00,19.3,66
2014-09-05 16:30:00,19.3,65.6
2014-09-05 16:35:00,19.4,65.3
2014-09-05 16:40:00,19.4,65.6
2014-09-05 16:45:00,19.4,65.5
2014-09-05 16:50:00,19.3,65.9
2014-09-05 16:55:00,19.3,66.1
2014-09-05 17:00:00,19.2,66.2
2014-09-05 17:05:00,19.3,66
2014-09-05 17:10:00,19.3,66.1
2014-09-05 17:15:00,19.3,66.8
2014-09-05 17:20:00,19.4,66.4
2014-09-05 17:25:00,19.3,66.4
2014-09-05 17:30:00,19.4,66.7
2014-09-05 17:35:00,19.4,66.3
2014-09-05 17:40:00,19.4,66
2014-09-05 17:45:00,19.3,66.1
2014-09-05 17:50:00,19.3,65.3
2014-09-05 17:55:00,19.3,65.1
2014-09-05 18:00:00,19.3,64.9
2014-09-05 18:05:00,19.3,65.2
2014-09-05 18:10:00,19.3,65.2
2014-09-05 18:15:00,19.3,65.3
2014-09-05 18:20:00,19.2,65.1
2014-09-05 18:25:00,19.3,64.6
2014-09-05 18:30:00,19.2,64.6
2014-09-05 18:35:00,19.2,64.1
2014-09-05 18:40:00,19.2,63.9
2014-09-05 18:45:00,19.2,63.3
2014-09-05 18:50:00,19.1,63.2
2014-09-05 18:55:00,19.1,63.2
2014-09-05 19:00:00,19.2,63.2
2014-09-05 19:05:00,19.1,63
2014-09-05 19:10:00,19.1,63.2
2014-09-05 19:15:00,19.1,63.3
2014-09-05 19:20:00,19.1,63.3
2014-09-05 19:25:00,19.1,63.5
2014-09-05 19:30:00,19.1,63.8
2014-09-05 19:35:00,19.1,64.1
2014-09-05 19:40:00,19.1,64
2014-09-05 19:45:00,19,64.4
2014-09-05 19:50:00,18.9,64.7
2014-09-05 19:55:00,18.9,64.5
2014-09-05 20:00:00,18.9,64.5
2014-09-05 20:05:00,18.9,64.4
2014-09-05 20:10:00,18.9,64.2
2014-09-05 20:15:00,18.9,64
2014-09-05 20:20:00,18.9,63.8
2014-09-05 20:25:00,18.9,63.5
2014-09-05 20:30:00,18.9,63.4
2014-09-05 20:35:00,18.9,63.3
2014-09-05 20:40:00,18.9,63.4
2014-09-05 20:45:00,18.8,63.7
2014-09-05 20:50:00,18.8,63.6
2014-09-05 20:55:00,18.8,63.4
2014-09-05 21:00:00,18.8,63.4
2014-09-05 21:05:00,18.8,63.6
2014-09-05 21:10:00,18.7,63.5
2014-09-05 21:15:00,18.7,63.7
2014-09-05 21:20:00,18.7,64
2014-09-05 21:25:00,18.7,63.9
2014-09-05 21:30:00,18.7,63.9
2014-09-05 21:35:00,18.7,64
2014-09-05 21:40:00,18.8,64
2014-09-05 21:45:00,18.7,63.9
2014-09-05 21:50:00,18.7,64.2
2014-09-05 21:55:00,18.7,64.3
2014-09-05 22:00:00,18.7,64.5
2014-09-05 22:05:00,18.7,64.5
2014-09-05 22:10:00,18.7,64.4
2014-09-05 22:15:00,18.7,64.5
2014-09-05 22:20:00,18.7,64.6
2014-09-05 22:25:00,18.7,64.8
2014-09-05 22:30:00,18.7,64.7
2014-09-05 22:35:00,18.7,64.8
2014-09-05 22:40:00,18.7,65.2
2014-09-05 22:45:00,18.7,65.1
2014-09-05 22:50:00,18.7,65.1
2014-09-05 22:55:00,18.7,65.5
2014-09-05 23:00:00,18.7,65.3
2014-09-05 23:05:00,18.7,65.3
2014-09-05 23:10:00,18.7,65.2
2014-09-05 23:15:00,18.6,65.5
2014-09-05 23:20:00,18.6,65.7
2014-09-05 23:25:00,18.7,65.8
2014-09-05 23:30:00,18.7,65.9
2014-09-05 23:35:00,18.7,66
2014-09-05 23:40:00,18.7,65.7
2014-09-05 23:45:00,18.7,65.4
2014-09-05 23:50:00,18.7,65.4
2014-09-05 23:55:00,18.7,65.7
2014-09-06 00:00:00,19.6,66.1
2014-09-06 00:05:00,19.2,67.2
2014-09-06 00:10:00,19.4,67.7
2014-09-06 00:15:00,19.5,67.9
2014-09-06 00:20:00,19.3,69
2014-09-06 00:25:00,19.3,69.1
2014-09-06 00:30:00,19.4,69.4
2014-09-06 00:35:00,19.4,69.7
2014-09-06 00:40:00,19.7,69
2014-09-06 00:45:00,19.9,66.9
2014-09-06 00:50:00,19.5,67.4
2014-09-06 00:55:00,19.4,68.2
2014-09-06 01:00:00,19.5,67.6
2014-09-06 01:05:00,19.6,67.4
2014-09-06 01:10:00,19.6,67.3
2014-09-06 01:15:00,19.9,67.2
2014-09-06 01:20:00,19.6,67.8
2014-09-06 01:25:00,19.7,68
2014-09-06 01:30:00,19.9,66.9
2014-09-06 01:35:00,19.9,66.3
2014-09-06 01:40:00,19.9,66.9
2014-09-06 01:45:00,19.9,67.5
2014-09-06 01:50:00,19.8,67.5
2014-09-06 01:55:00,19.8,67.2
2014-09-06 02:00:00,19.7,67.5
2014-09-06 02:05:00,20,66.7
2014-09-06 02:10:00,20,66.6
2014-09-06 02:15:00,20.4,65.3
2014-09-06 02:20:00,20.6,64.6
2014-09-06 02:25:00,20.6,64.2
2014-09-06 02:30:00,20.4,65.3
2014-09-06 02:35:00,20.4,64.6
2014-09-06 02:40:00,20.8,63.4
2014-09-06 02:45:00,20.6,63.9
2014-09-06 02:50:00,20.6,63.7
2014-09-06 02:55:00,20.5,64.7
2014-09-06 03:00:00,20.6,64.3
2014-09-06 03:05:00,20.7,64.5
2014-09-06 03:10:00,20.9,64.2
2014-09-06 03:15:00,20.9,64.1
2014-09-06 03:20:00,21,64.1
2014-09-06 03:25:00,21,62.9
2014-09-06 03:30:00,20.8,61.9
2014-09-06 03:35:00,20.7,62
2014-09-06 03:40:00,20.9,61.9
2014-09-06 03:45:00,20.7,62.6
2014-09-06 03:50:00,20.7,61.9
2014-09-06 03:55:00,20.9,61.7
2014-09-06 04:00:00,21.1,60.7
2014-09-06 04:05:00,21.2,60.1
2014-09-06 04:10:00,21.4,59
2014-09-06 04:15:00,21.4,59.1
2014-09-06 04:20:00,21.1,59.9
2014-09-06 04:25:00,21.1,59.8
2014-09-06 04:30:00,21.1,60.5
2014-09-06 04:35:00,20.9,59.3
2014-09-06 04:40:00,21,58.9
2014-09-06 04:45:00,21.2,58.1
2014-09-06 04:50:00,21.4,58.1
2014-09-06 04:55:00,21.4,58.7
2014-09-06 05:00:00,21.2,59.1
2014-09-06 05:05:00,21,59.5
2014-09-06 05:10:00,21.2,59.2
2014-09-06 05:15:00,21,59.2
2014-09-06 05:20:00,21,59
2014-09-06 05:25:00,20.9,60
2014-09-06 05:30:00,21,59.9
2014-09-06 05:35:00,21,59.3
2014-09-06 05:40:00,21.1,59.3
2014-09-06 05:45:00,21.2,58.8
2014-09-06 05:50:00,21.2,57.8
2014-09-06 05:55:00,21.1,57.5
2014-09-06 06:00:00,21.1,57.4
2014-09-06 06:05:00,21,56.9
2014-09-06 06:10:00,21.1,57.3
2014-09-06 06:15:00,21.2,57
2014-09-06 06:20:00,21.1,57.2
2014-09-06 06:25:00,21,57
2014-09-06 06:30:00,21,56.9
2014-09-06 06:35:00,20.9,57
2014-09-06 06:40:00,20.9,57.2
2014-09-06 06:45:00,20.8,57.7
2014-09-06 06:50:00,20.8,58.6
2014-09-06 06:55:00,20.7,59.2
2014-09-06 07:00:00,20.6,60.6
2014-09-06 07:05:00,20.5,61.5
2014-09-06 07:10:00,20.4,61.7
2014-09-06 07:15:00,20.3,61.8
2014-09-06 07:20:00,20.3,62.3
2014-09-06 07:25:00,20.2,63
2014-09-06 07:30:00,20.1,62.9
2014-09-06 07:35:00,20.1,62.4
2014-09-06 07:40:00,20,63.1
2014-09-06 07:45:00,19.9,64
2014-09-06 07:50:00,19.8,64.6
2014-09-06 07:55:00,19.8,64.8
2014-09-06 08:00:00,19.8,65
2014-09-06 08:05:00,19.7,65.9
2014-09-06 08:10:00,19.5,67.3
2014-09-06 08:15:00,19.4,68.3
2014-09-06 08:20:00,19.4,68.6
2014-09-06 08:25:00,19.4,69
2014-09-06 08:30:00,19.3,69.3
2014-09-06 08:35:00,19.3,69.9
2014-09-06 08:40:00,19.2,70.1
2014-09-06 08:45:00,19.2,70.2
2014-09-06 08:50:00,19.2,70.4
2014-09-06 08:55:00,19.3,70.3
2014-09-06 09:00:00,19.3,70.3
2014-09-06 09:05:00,19.2,70.2
2014-09-06 09:10:00,19.3,70.3
2014-09-06 09:15:00,19.3,70.3
2014-09-06 09:20:00,19.3,70.3
2014-09-06 09:25:00,19.3,70.3
2014-09-06 09:30:00,19.3,70.5
2014-09-06 09:35:00,19.2,70.8
2014-09-06 09:40:00,19.1,71.4
2014-09-06 09:45:00,19.1,71.3
2014-09-06 09:50:00,19.1,71.3
2014-09-06 09:55:00,19,71.5
2014-09-06 10:00:00,19,71.8
2014-09-06 10:05:00,18.9,71.8
2014-09-06 10:10:00,19,71.9
2014-09-06 10:15:00,18.9,72.2
2014-09-06 10:20:00,18.9,72.3
2014-09-06 10:25:00,18.9,72.3
2014-09-06 10:30:00,18.9,72.2
2014-09-06 10:35:00,18.9,72.5
2014-09-06 10:40:00,18.8,72.8
2014-09-06 10:45:00,18.8,72.6
2014-09-06 10:50:00,18.8,72.6
2014-09-06 10:55:00,18.8,73
2014-09-06 11:00:00,18.8,73.2
2014-09-06 11:05:00,18.7,73.5
2014-09-06 11:10:00,18.7,73.9
2014-09-06 11:15:00,18.6,74.2
2014-09-06 11:20:00,18.6,74.3
2014-09-06 11:25:00,18.6,74.3
2014-09-06 11:30:00,18.5,74.6
2014-09-06 11:35:00,18.5,74.9
2014-09-06 11:40:00,18.4,75.3
2014-09-06 11:45:00,18.3,75.6
2014-09-06 11:50:00,18.3,75.6
2014-09-06 11:55:00,18.2,75.8
2014-09-06 12:00:00,19.6,66.1
2014-09-06 12:05:00,19.2,67.2
2014-09-06 12:10:00,19.4,67.7
2014-09-06 12:15:00,19.5,67.9
2014-09-06 12:20:00,19.3,69
2014-09-06 12:25:00,19.3,69.1
2014-09-06 12:30:00,19.4,69.4
2014-09-06 12:35:00,19.4,69.7
2014-09-06 12:40:00,19.7,69
2014-09-06 12:45:00,19.9,66.9
2014-09-06 12:50:00,19.5,67.4
2014-09-06 12:55:00,19.4,68.2
2014-09-06 13:00:00,19.5,67.6
2014-09-06 13:05:00,19.6,67.4
2014-09-06 13:10:00,19.6,67.3
2014-09-06 13:15:00,19.9,67.2
2014-09-06 13:20:00,19.6,67.8
2014-09-06 13:25:00,19.7,68
2014-09-06 13:30:00,19.9,66.9
2014-09-06 13:35:00,19.9,66.3
2014-09-06 13:40:00,19.9,66.9
2014-09-06 13:45:00,19.9,67.5
2014-09-06 13:50:00,19.8,67.5
2014-09-06 13:55:00,19.8,67.2
2014-09-06 14:00:00,19.7,67.5
2014-09-06 14:05:00,20,66.7
2014-09-06 14:10:00,20,66.6
2014-09-06 14:15:00,20.4,65.3
2014-09-06 14:20:00,20.6,64.6
2014-09-06 14:25:00,20.6,64.2
2014-09-06 14:30:00,20.4,65.3
2014-09-06 14:35:00,20.4,64.6
2014-09-06 14:40:00,20.8,63.4
2014-09-06 14:45:00,20.6,63.9
2014-09-06 14:50:00,20.6,63.7
2014-09-06 14:55:00,20.5,64.7
2014-09-06 15:00:00,20.6,64.3
2014-09-06 15:05:00,20.7,64.5
2014-09-06 15:10:00,20.9,64.2
2014-09-06 15:15:00,20.9,64.1
2014-09-06 15:20:00,21,64.1
2014-09-06 15:25:00,21,62.9
2014-09-06 15:30:00,20.8,61.9
2014-09-06 15:35:00,20.7,62
2014-09-06 15:40:00,20.9,61.9
2014-09-06 15:45:00,20.7,62.6
2014-09-06 15:50:00,20.7,61.9
2014-09-06 15:55:00,20.9,61.7
2014-09-06 16:00:00,21.1,60.7
2014-09-06 16:05:00,21.2,60.1
2014-09-06 16:10:00,21.4,59
2014-09-06 16:15:00,21.4,59.1
2014-09-06 16:20:00,21.1,59.9
2014-09-06 16:25:00,21.1,59.8
2014-09-06 16:30:00,21.1,60.5
2014-09-06 16:35:00,20.9,59.3
2014-09-06 16:40:00,21,58.9
2014-09-06 16:45:00,21.2,58.1
2014-09-06 16:50:00,21.4,58.1
2014-09-06 16:55:00,21.4,58.7
2014-09-06 17:00:00,21.2,59.1
2014-09-06 17:05:00,21,59.5
2014-09-06 17:10:00,21.2,59.2
2014-09-06 17:15:00,21,59.2
2014-09-06 17:20:00,21,59
2014-09-06 17:25:00,20.9,60
2014-09-06 17:30:00,21,59.9
2014-09-06 17:35:00,21,59.3
2014-09-06 17:40:00,21.1,59.3
2014-09-06 17:45:00,21.2,58.8
2014-09-06 17:50:00,21.2,57.8
2014-09-06 17:55:00,21.1,57.5
2014-09-06 18:00:00,21.1,57.4
2014-09-06 18:05:00,21,56.9
2014-09-06 18:10:00,21.1,57.3
2014-09-06 18:15:00,21.2,57
2014-09-06 18:20:00,21.1,57.2
2014-09-06 18:25:00,21,57
2014-09-06 18:30:00,21,56.9
2014-09-06 18:35:00,20.9,57
2014-09-06 18:40:00,20.9,57.2
2014-09-06 18:45:00,20.8,57.7
2014-09-06 18:50:00,20.8,58.6
2014-09-06 18:55:00,20.7,59.2
2014-09-06 19:00:00,20.6,60.6
2014-09-06 19:05:00,20.5,61.5
2014-09-06 19:10:00,20.4,61.7
2014-09-06 19:15:00,20.3,61.8
2014-09-06 19:20:00,20.3,62.3
2014-09-06 19:25:00,20.2,63
2014-09-06 19:30:00,20.1,62.9
2014-09-06 19:35:00,20.1,62.4
2014-09-06 19:40:00,20,63.1
2014-09-06 19:45:00,19.9,64
2014-09-06 19:50:00,19.8,64.6
2014-09-06 19:55:00,19.8,64.8
2014-09-06 20:00:00,19.8,65
2014-09-06 20:05:00,19.7,65.9
2014-09-06 20:10:00,19.5,67.3
2014-09-06 20:15:00,19.4,68.3
2014-09-06 20:20:00,19.4,68.6
2014-09-06 20:25:00,19.4,69
2014-09-06 20:30:00,19.3,69.3
2014-09-06 20:35:00,19.3,69.9
2014-09-06 20:40:00,19.2,70.1
2014-09-06 20:45:00,19.2,70.2
2014-09-06 20:50:00,19.2,70.4
2014-09-06 20:55:00,19.3,70.3
2014-09-06 21:00:00,19.3,70.3
2014-09-06 21:05:00,19.2,70.2
2014-09-06 21:10:00,19.3,70.3
2014-09-06 21:15:00,19.3,70.3
2014-09-06 21:20:00,19.3,70.3
2014-09-06 21:25:00,19.3,70.3
2014-09-06 21:30:00,19.3,70.5
2014-09-06 21:35:00,19.2,70.8
2014-09-06 21:40:00,19.1,71.4
2014-09-06 21:45:00,19.1,71.3
2014-09-06 21:50:00,19.1,71.3
2014-09-06 21:55:00,19,71.5
2014-09-06 22:00:00,19,71.8
2014-09-06 22:05:00,18.9,71.8
2014-09-06 22:10:00,19,71.9
2014-09-06 22:15:00,18.9,72.2
2014-09-06 22:20:00,18.9,72.3
2014-09-06 22:25:00,18.9,72.3
2014-09-06 22:30:00,18.9,72.2
2014-09-06 22:35:00,18.9,72.5
2014-09-06 22:40:00,18.8,72.8
2014-09-06 22:45:00,18.8,72.6
2014-09-06 22:50:00,18.8,72.6
2014-09-06 22:55:00,18.8,73
2014-09-06 23:00:00,18.8,73.2
2014-09-06 23:05:00,18.7,73.5
2014-09-06 23:10:00,18.7,73.9
2014-09-06 23:15:00,18.6,74.2
2014-09-06 23:20:00,18.6,74.3
2014-09-06 23:25:00,18.6,74.3
2014-09-06 23:30:00,18.5,74.6
2014-09-06 23:35:00,18.5,74.9
2014-09-06 23:40:00,18.4,75.3
2014-09-06 23:45:00,18.3,75.6
2014-09-06 23:50:00,18.3,75.6
2014-09-06 23:55:00,18.2,75.8
2014-09-07 00:00:00,17.6,56.7
2014-09-07 00:05:00,17.5,57.2
2014-09-07 00:10:00,17.5,58.4
2014-09-07 00:15:00,18,57.8
2014-09-07 00:20:00,18.1,57.1
2014-09-07 00:25:00,18.4,56.7
2014-09-07 00:30:00,18.4,57.2
2014-09-07 00:35:00,18.4,56.4
2014-09-07 00:40:00,18.4,56.1
2014-09-07 00:45:00,18.4,56.5
2014-09-07 00:50:00,18.3,57.4
2014-09-07 00:55:00,18.3,58.1
2014-09-07 01:00:00,18.3,58.6
2014-09-07 01:05:00,18.5,58.5
2014-09-07 01:10:00,18.4,58.1
2014-09-07 01:15:00,18.2,59.3
2014-09-07 01:20:00,18.6,59.2
2014-09-07 01:25:00,18.8,58.8
2014-09-07 01:30:00,18.7,58.4
2014-09-07 01:35:00,19,58.2
2014-09-07 01:40:00,18.9,58
2014-09-07 01:45:00,18.9,58.5
2014-09-07 01:50:00,19.3,57.6
2014-09-07 01:55:00,19.5,56.5
2014-09-07 02:00:00,19.3,57
2014-09-07 02:05:00,19.4,56.6
2014-09-07 02:10:00,19.4,56.6
2014-09-07 02:15:00,19.6,56.3
2014-09-07 02:20:00,19.8,55.6
2014-09-07 02:25:00,20,54.7
2014-09-07 02:30:00,20.2,54.2
2014-09-07 02:35:00,20.4,53.5
2014-09-07 02:40:00,20.6,53.4
2014-09-07 02:45:00,20.4,53.5
2014-09-07 02:50:00,20.4,53.8
2014-09-07 02:55:00,20.2,53.8
2014-09-07 03:00:00,20.1,54.2
2014-09-07 03:05:00,20.4,53.5
2014-09-07 03:10:00,20.4,53.8
2014-09-07 03:15:00,20.5,53.6
2014-09-07 03:20:00,20.5,53.7
2014-09-07 03:25:00,20.6,52.9
2014-09-07 03:30:00,20.7,52.9
2014-09-07 03:35:00,20.8,53
2014-09-07 03:40:00,20.9,52.8
2014-09-07 03:45:00,20.8,53.2
2014-09-07 03:50:00,20.8,52.9
2014-09-07 03:55:00,20.7,53.4
2014-09-07 04:00:00,20.6,53.9
2014-09-07 04:05:00,20.5,54.1
2014-09-07 04:10:00,20.7,53.6
2014-09-07 04:15:00,20.8,53.4
2014-09-07 04:20:00,21,52.2
2014-09-07 04:25:00,21.4,50.2
2014-09-07 04:30:00,21,51.1
2014-09-07 04:35:00,21.1,51.4
2014-09-07 04:40:00,21.1,51.8
2014-09-07 04:45:00,20.9,52.1
2014-09-07 04:50:00,21,52.1
2014-09-07 04:55:00,21,51.9
2014-09-07 05:00:00,20.9,52.7
2014-09-07 05:05:00,20.8,53.1
2014-09-07 05:10:00,20.9,52.9
2014-09-07 05:15:00,21,52.5
2014-09-07 05:20:00,21,52.3
2014-09-07 05:25:00,20.5,53.4
2014-09-07 05:30:00,20.6,53.5
2014-09-07 05:35:00,20.6,53.4
2014-09-07 05:40:00,20.8,52.9
2014-09-07 05:45:00,20.6,52.7
2014-09-07 05:50:00,20.5,53.2
2014-09-07 05:55:00,20.3,53.4
2014-09-07 06:00:00,20.5,54
2014-09-07 06:05:00,20.6,53.4
2014-09-07 06:10:00,20.6,52.7
2014-09-07 06:15:00,20.4,52.3
2014-09-07 06:20:00,20.4,52.9
2014-09-07 06:25:00,20.3,52.9
2014-09-07 06:30:00,20.3,53.3
2014-09-07 06:35:00,20.3,53
2014-09-07 06:40:00,20.2,52.4
2014-09-07 06:45:00,20.2,52.4
2014-09-07 06:50:00,20.1,52.7
2014-09-07 06:55:00,20,52.7
2014-09-07 07:00:00,19.9,53.1
2014-09-07 07:05:00,19.9,52.8
2014-09-07 07:10:00,19.8,52.5
2014-09-07 07:15:00,19.7,53
2014-09-07 07:20:00,19.6,53
2014-09-07 07:25:00,19.5,52.9
2014-09-07 07:30:00,19.5,52.3
2014-09-07 07:35:00,19.4,52.3
2014-09-07 07:40:00,19.4,52.3
2014-09-07 07:45:00,19.3,52.9
2014-09-07 07:50:00,19.2,52.5
2014-09-07 07:55:00,19.2,52.4
2014-09-07 08:00:00,19.1,52.3
2014-09-07 08:05:00,19,52.2
2014-09-07 08:10:00,19,52.4
2014-09-07 08:15:00,18.9,53
2014-09-07 08:20:00,18.7,52.6
2014-09-07 08:25:00,18.7,51.8
2014-09-07 08:30:00,18.7,51.1
2014-09-07 08:35:00,18.7,51.2
2014-09-07 08:40:00,18.7,51.1
2014-09-07 08:45:00,18.6,51
2014-09-07 08:50:00,18.5,51.4
2014-09-07 08:55:00,18.4,51.6
2014-09-07 09:00:00,18.4,51.7
2014-09-07 09:05:00,18.2,51.7
2014-09-07 09:10:00,18.2,51.2
2014-09-07 09:15:00,18.1,51.3
2014-09-07 09:20:00,18.2,50.4
2014-09-07 09:25:00,18.2,50
2014-09-07 09:30:00,18.1,50.2
2014-09-07 09:35:00,18,51.1
2014-09-07 09:40:00,17.9,51.7
2014-09-07 09:45:00,17.9,52
2014-09-07 09:50:00,17.9,52.3
2014-09-07 09:55:00,17.8,52.6
2014-09-07 10:00:00,17.7,52.7
2014-09-07 10:05:00,17.7,53
2014-09-07 10:10:00,17.5,54.2
2014-09-07 10:15:00,17.4,55
2014-09-07 10:20:00,17.4,55.5
2014-09-07 10:25:00,17.3,56.3
2014-09-07 10:30:00,17.2,57.3
2014-09-07 10:35:00,17.1,58.6
2014-09-07 10:40:00,17,60.3
2014-09-07 10:45:00,16.9,62.4
2014-09-07 10:50:00,16.8,63.6
2014-09-07 10:55:00,16.8,64.9
2014-09-07 11:00:00,16.7,66.1
2014-09-07 11:05:00,16.7,67.3
2014-09-07 11:10:00,16.6,70.3
2014-09-07 11:15:00,16.5,73.5
2014-09-07 11:20:00,16.4,75.2
2014-09-07 11:25:00,16.3,76.6
2014-09-07 11:30:00,16.3,77.7
2014-09-07 11:35:00,16.3,78.5
2014-09-07 11:40:00,16.2,79.4
2014-09-07 11:45:00,16.2,79.7
2014-09-07 11:50:00,16.2,79.7
2014-09-07 11:55:00,16,78.9
2014-09-07 12:00:00,17.6,56.7
2014-09-07 12:05:00,17.5,57.2
2014-09-07 12:10:00,17.5,58.4
2014-09-07 12:15:00,18,57.8
2014-09-07 12:20:00,18.1,57.1
2014-09-07 12:25:00,18.4,56.7
2014-09-07 12:30:00,18.4,57.2
2014-09-07 12:35:00,18.4,56.4
2014-09-07 12:40:00,18.4,56.1
2014-09-07 12:45:00,18.4,56.5
2014-09-07 12:50:00,18.3,57.4
2014-09-07 12:55:00,18.3,58.1
2014-09-07 13:00:00,18.3,58.6
2014-09-07 13:05:00,18.5,58.5
2014-09-07 13:10:00,18.4,58.1
2014-09-07 13:15:00,18.2,59.3
2014-09-07 13:20:00,18.6,59.2
2014-09-07 13:25:00,18.8,58.8
2014-09-07 13:30:00,18.7,58.4
2014-09-07 13:35:00,19,58.2
2014-09-07 13:40:00,18.9,58
2014-09-07 13:45:00,18.9,58.5
2014-09-07 13:50:00,19.3,57.6
2014-09-07 13:55:00,19.5,56.5
2014-09-07 14:00:00,19.3,57
2014-09-07 14:05:00,19.4,56.6
2014-09-07 14:10:00,19.4,56.6
2014-09-07 14:15:00,19.6,56.3
2014-09-07 14:20:00,19.8,55.6
2014-09-07 14:25:00,20,54.7
2014-09-07 14:30:00,20.2,54.2
2014-09-07 14:35:00,20.4,53.5
2014-09-07 14:40:00,20.6,53.4
2014-09-07 14:45:00,20.4,53.5
2014-09-07 14:50:00,20.4,53.8
2014-09-07 14:55:00,20.2,53.8
2014-09-07 15:00:00,20.1,54.2
2014-09-07 15:05:00,20.4,53.5
2014-09-07 15:10:00,20.4,53.8
2014-09-07 15:15:00,20.5,53.6
2014-09-07 15:20:00,20.5,53.7
2014-09-07 15:25:00,20.6,52.9
2014-09-07 15:30:00,20.7,52.9
2014-09-07 15:35:00,20.8,53
2014-09-07 15:40:00,20.9,52.8
2014-09-07 15:45:00,20.8,53.2
2014-09-07 15:50:00,20.8,52.9
2014-09-07 15:55:00,20.7,53.4
2014-09-07 16:00:00,20.6,53.9
2014-09-07 16:05:00,20.5,54.1
2014-09-07 16:10:00,20.7,53.6
2014-09-07 16:15:00,20.8,53.4
2014-09-07 16:20:00,21,52.2
2014-09-07 16:25:00,21.4,50.2
2014-09-07 16:30:00,21,51.1
2014-09-07 16:35:00,21.1,51.4
2014-09-07 16:40:00,21.1,51.8
2014-09-07 16:45:00,20.9,52.1
2014-09-07 16:50:00,21,52.1
2014-09-07 16:55:00,21,51.9
2014-09-07 17:00:00,20.9,52.7
2014-09-07 17:05:00,20.8,53.1
2014-09-07 17:10:00,20.9,52.9
2014-09-07 17:15:00,21,52.5
2014-09-07 17:20:00,21,52.3
2014-09-07 17:25:00,20.5,53.4
2014-09-07 17:30:00,20.6,53.5
2014-09-07 17:35:00,20.6,53.4
2014-09-07 17:40:00,20.8,52.9
2014-09-07 17:45:00,20.6,52.7
2014-09-07 17:50:00,20.5,53.2
2014-09-07 17:55:00,20.3,53.4
2014-09-07 18:00:00,20.5,54
2014-09-07 18:05:00,20.6,53.4
2014-09-07 18:10:00,20.6,52.7
2014-09-07 18:15:00,20.4,52.3
2014-09-07 18:20:00,20.4,52.9
2014-09-07 18:25:00,20.3,52.9
2014-09-07 18:30:00,20.3,53.3
2014-09-07 18:35:00,20.3,53
2014-09-07 18:40:00,20.2,52.4
2014-09-07 18:45:00,20.2,52.4
2014-09-07 18:50:00,20.1,52.7
2014-09-07 18:55:00,20,52.7
2014-09-07 19:00:00,19.9,53.1
2014-09-07 19:05:00,19.9,52.8
2014-09-07 19:10:00,19.8,52.5
2014-09-07 19:15:00,19.7,53
2014-09-07 19:20:00,19.6,53
2014-09-07 19:25:00,19.5,52.9
2014-09-07 19:30:00,19.5,52.3
2014-09-07 19:35:00,19.4,52.3
2014-09-07 19:40:00,19.4,52.3
2014-09-07 19:45:00,19.3,52.9
2014-09-07 19:50:00,19.2,52.5
2014-09-07 19:55:00,19.2,52.4
2014-09-07 20:00:00,19.1,52.3
2014-09-07 20:05:00,19,52.2
2014-09-07 20:10:00,19,52.4
2014-09-07 20:15:00,18.9,53
2014-09-07 20:20:00,18.7,52.6
2014-09-07 20:25:00,18.7,51.8
2014-09-07 20:30:00,18.7,51.1
2014-09-07 20:35:00,18.7,51.2
2014-09-07 20:40:00,18.7,51.1
2014-09-07 20:45:00,18.6,51
2014-09-07 20:50:00,18.5,51.4
2014-09-07 20:55:00,18.4,51.6
2014-09-07 21:00:00,18.4,51.7
2014-09-07 21:05:00,18.2,51.7
2014-09-07 21:10:00,18.2,51.2
2014-09-07 21:15:00,18.1,51.3
2014-09-07 21:20:00,18.2,50.4
2014-09-07 21:25:00,18.2,50
2014-09-07 21:30:00,18.1,50.2
2014-09-07 21:35:00,18,51.1
2014-09-07 21:40:00,17.9,51.7
2014-09-07 21:45:00,17.9,52
2014-09-07 21:50:00,17.9,52.3
2014-09-07 21:55:00,17.8,52.6
2014-09-07 22:00:00,17.7,52.7
2014-09-07 22:05:00,17.7,53
2014-09-07 22:10:00,17.5,54.2
2014-09-07 22:15:00,17.4,55
2014-09-07 22:20:00,17.4,55.5
2014-09-07 22:25:00,17.3,56.3
2014-09-07 22:30:00,17.2,57.3
2014-09-07 22:35:00,17.1,58.6
2014-09-07 22:40:00,17,60.3
2014-09-07 22:45:00,16.9,62.4
2014-09-07 22:50:00,16.8,63.6
2014-09-07 22:55:00,16.8,64.9
2014-09-07 23:00:00,16.7,66.1
2014-09-07 23:05:00,16.7,67.3
2014-09-07 23:10:00,16.6,70.3
2014-09-07 23:15:00,16.5,73.5
2014-09-07 23:20:00,16.4,75.2
2014-09-07 23:25:00,16.3,76.6
2014-09-07 23:30:00,16.3,77.7
2014-09-07 23:35:00,16.3,78.5
2014-09-07 23:40:00,16.2,79.4
2014-09-07 23:45:00,16.2,79.7
2014-09-07 23:50:00,16.2,79.7
2014-09-07 23:55:00,16,78.9
2014-09-08 00:00:00,19.3,48.4
2014-09-08 00:05:00,18.6,49.8
2014-09-08 00:10:00,18.6,50
2014-09-08 00:15:00,19,47.7
2014-09-08 00:20:00,19.1,48.2
2014-09-08 00:25:00,19.4,48
2014-09-08 00:30:00,19.2,49
2014-09-08 00:35:00,19.2,48.7
2014-09-08 00:40:00,19.1,47.6
2014-09-08 00:45:00,19.4,46.4
2014-09-08 00:50:00,19.5,46.4
2014-09-08 00:55:00,19.2,46.8
2014-09-08 01:00:00,19.3,46.3
2014-09-08 01:05:00,19.4,45.4
2014-09-08 01:10:00,19.9,44.5
2014-09-08 01:15:00,19.9,42.9
2014-09-08 01:20:00,19.4,42.5
2014-09-08 01:25:00,19.7,42.6
2014-09-08 01:30:00,19.9,42.6
2014-09-08 01:35:00,20,42.9
2014-09-08 01:40:00,20.2,42.8
2014-09-08 01:45:00,20.4,41.8
2014-09-08 01:50:00,20.2,42.1
2014-09-08 01:55:00,20,42
2014-09-08 02:00:00,20.3,41.7
2014-09-08 02:05:00,20.3,41.3
2014-09-08 02:10:00,20.9,41
2014-09-08 02:15:00,21.1,39.7
2014-09-08 02:20:00,20.6,39.4
2014-09-08 02:25:00,20.6,39.3
2014-09-08 02:30:00,20.9,39.5
2014-09-08 02:35:00,21.3,38.7
2014-09-08 02:40:00,21,39.2
2014-09-08 02:45:00,21.6,38.1
2014-09-08 02:50:00,21.4,38.1
2014-09-08 02:55:00,21.8,37.5
2014-09-08 03:00:00,21.6,37.2
2014-09-08 03:05:00,21.7,37.6
2014-09-08 03:10:00,21.9,37
2014-09-08 03:15:00,21.5,37.4
2014-09-08 03:20:00,21.4,37.8
2014-09-08 03:25:00,21.5,37.5
2014-09-08 03:30:00,21.4,37.3
2014-09-08 03:35:00,21.5,37
2014-09-08 03:40:00,21.3,36.7
2014-09-08 03:45:00,21.3,36.8
2014-09-08 03:50:00,21.4,36.9
2014-09-08 03:55:00,21.3,36.6
2014-09-08 04:00:00,21.7,36.4
2014-09-08 04:05:00,22,35.8
2014-09-08 04:10:00,21.6,35.9
2014-09-08 04:15:00,22.1,35.5
2014-09-08 04:20:00,22.3,35
2014-09-08 04:25:00,22,36
2014-09-08 04:30:00,22.2,35.7
2014-09-08 04:35:00,22.1,35.6
2014-09-08 04:40:00,22.4,34.8
2014-09-08 04:45:00,21.8,35.5
2014-09-08 04:50:00,21.8,36.2
2014-09-08 04:55:00,21.8,35.8
2014-09-08 05:00:00,21.9,35.6
2014-09-08 05:05:00,22,35.2
2014-09-08 05:10:00,22.1,35.1
2014-09-08 05:15:00,22,35.3
2014-09-08 05:20:00,21.7,35.8
2014-09-08 05:25:00,21.7,37
2014-09-08 05:30:00,21.9,37.3
2014-09-08 05:35:00,21.8,37.1
2014-09-08 05:40:00,21.7,37
2014-09-08 05:45:00,21.7,36.7
2014-09-08 05:50:00,21.6,37.1
2014-09-08 05:55:00,21.6,37.9
2014-09-08 06:00:00,21.5,38.1
2014-09-08 06:05:00,21.4,38.9
2014-09-08 06:10:00,21.5,39.3
2014-09-08 06:15:00,21.3,39.8
2014-09-08 06:20:00,21.1,40.3
2014-09-08 06:25:00,21.1,40.7
2014-09-08 06:30:00,21.1,39.4
2014-09-08 06:35:00,21.1,39.2
2014-09-08 06:40:00,21.1,38.9
2014-09-08 06:45:00,20.9,39.2
2014-09-08 06:50:00,20.9,38.8
2014-09-08 06:55:00,20.8,39.4
2014-09-08 07:00:00,20.7,39.3
2014-09-08 07:05:00,20.7,39.5
2014-09-08 07:10:00,20.6,40.1
2014-09-08 07:15:00,20.5,40.5
2014-09-08 07:20:00,20.4,40.7
2014-09-08 07:25:00,20.3,41.2
2014-09-08 07:30:00,20.3,41.6
2014-09-08 07:35:00,20.2,41.8
2014-09-08 07:40:00,20.1,42.6
2014-09-08 07:45:00,20.1,42.7
2014-09-08 07:50:00,20.1,42.7
2014-09-08 07:55:00,20,43.1
2014-09-08 08:00:00,20,42.7
2014-09-08 08:05:00,20,42.7
2014-09-08 08:10:00,20,42.8
2014-09-08 08:15:00,20,42.9
2014-09-08 08:20:00,19.9,43.6
2014-09-08 08:25:00,19.8,43.6
2014-09-08 08:30:00,19.9,43.1
2014-09-08 08:35:00,19.8,43.7
2014-09-08 08:40:00,19.5,44.9
2014-09-08 08:45:00,19.4,45.4
2014-09-08 08:50:00,19.3,45.7
2014-09-08 08:55:00,19.2,46.1
2014-09-08 09:00:00,19,46.3
2014-09-08 09:05:00,18.9,46.8
2014-09-08 09:10:00,18.8,47.3
2014-09-08 09:15:00,18.7,47.8
2014-09-08 09:20:00,18.7,48.3
2014-09-08 09:25:00,18.6,49.2
2014-09-08 09:30:00,18.4,50.1
2014-09-08 09:35:00,18.5,48.9
2014-09-08 09:40:00,18.4,49.2
2014-09-08 09:45:00,18.5,49.1
2014-09-08 09:50:00,18.4,49.6
2014-09-08 09:55:00,18.3,49.7
2014-09-08 10:00:00,18.3,49.7
2014-09-08 10:05:00,18.1,50.3
2014-09-08 10:10:00,18,50.4
2014-09-08 10:15:00,18,50.3
2014-09-08 10:20:00,18,50.8
2014-09-08 10:25:00,17.9,51.4
2014-09-08 10:30:00,17.7,52
2014-09-08 10:35:00,17.6,52.6
2014-09-08 10:40:00,17.5,53.6
2014-09-08 10:45:00,17.4,54.8
2014-09-08 10:50:00,17.3,54.5
2014-09-08 10:55:00,17.5,53.7
2014-09-08 11:00:00,17.5,53.3
2014-09-08 11:05:00,17.5,53.4
2014-09-08 11:10:00,17.5,53.6
2014-09-08 11:15:00,17.5,53.8
2014-09-08 11:20:00,17.4,54.2
2014-09-08 11:25:00,17.4,54.2
2014-09-08 11:30:00,17.4,54.5
2014-09-08 11:35:00,17.2,55.4
2014-09-08 11:40:00,17.1,56.1
2014-09-08 11:45:00,17.2,55.9
2014-09-08 11:50:00,17.2,55.6
2014-09-08 11:55:00,17.1,55.7
2014-09-08 12:00:00,19.3,48.4
2014-09-08 12:05:00,18.6,49.8
2014-09-08 12:10:00,18.6,50
2014-09-08 12:15:00,19,47.7
2014-09-08 12:20:00,19.1,48.2
2014-09-08 12:25:00,19.4,48
2014-09-08 12:30:00,19.2,49
2014-09-08 12:35:00,19.2,48.7
2014-09-08 12:40:00,19.1,47.6
2014-09-08 12:45:00,19.4,46.4
2014-09-08 12:50:00,19.5,46.4
2014-09-08 12:55:00,19.2,46.8
2014-09-08 13:00:00,19.3,46.3
2014-09-08 13:05:00,19.4,45.4
2014-09-08 13:10:00,19.9,44.5
2014-09-08 13:15:00,19.9,42.9
2014-09-08 13:20:00,19.4,42.5
2014-09-08 13:25:00,19.7,42.6
2014-09-08 13:30:00,19.9,42.6
2014-09-08 13:35:00,20,42.9
2014-09-08 13:40:00,20.2,42.8
2014-09-08 13:45:00,20.4,41.8
2014-09-08 13:50:00,20.2,42.1
2014-09-08 13:55:00,20,42
2014-09-08 14:00:00,20.3,41.7
2014-09-08 14:05:00,20.3,41.3
2014-09-08 14:10:00,20.9,41
2014-09-08 14:15:00,21.1,39.7
2014-09-08 14:20:00,20.6,39.4
2014-09-08 14:25:00,20.6,39.3
2014-09-08 14:30:00,20.9,39.5
2014-09-08 14:35:00,21.3,38.7
2014-09-08 14:40:00,21,39.2
2014-09-08 14:45:00,21.6,38.1
2014-09-08 14:50:00,21.4,38.1
2014-09-08 14:55:00,21.8,37.5
2014-09-08 15:00:00,21.6,37.2
2014-09-08 15:05:00,21.7,37.6
2014-09-08 15:10:00,21.9,37
2014-09-08 15:15:00,21.5,37.4
2014-09-08 15:20:00,21.4,37.8
2014-09-08 15:25:00,21.5,37.5
2014-09-08 15:30:00,21.4,37.3
2014-09-08 15:35:00,21.5,37
2014-09-08 15:40:00,21.3,36.7
2014-09-08 15:45:00,21.3,36.8
2014-09-08 15:50:00,21.4,36.9
2014-09-08 15:55:00,21.3,36.6
2014-09-08 16:00:00,21.7,36.4
2014-09-08 16:05:00,22,35.8
2014-09-08 16:10:00,21.6,35.9
2014-09-08 16:15:00,22.1,35.5
2014-09-08 16:20:00,22.3,35
2014-09-08 16:25:00,22,36
2014-09-08 16:30:00,22.2,35.7
2014-09-08 16:35:00,22.1,35.6
2014-09-08 16:40:00,22.4,34.8
2014-09-08 16:45:00,21.8,35.5
2014-09-08 16:50:00,21.8,36.2
2014-09-08 16:55:00,21.8,35.8
2014-09-08 17:00:00,21.9,35.6
2014-09-08 17:05:00,22,35.2
2014-09-08 17:10:00,22.1,35.1
2014-09-08 17:15:00,22,35.3
2014-09-08 17:20:00,21.7,35.8
2014-09-08 17:25:00,21.7,37
2014-09-08 17:30:00,21.9,37.3
2014-09-08 17:35:00,21.8,37.1
2014-09-08 17:40:00,21.7,37
2014-09-08 17:45:00,21.7,36.7
2014-09-08 17:50:00,21.6,37.1
2014-09-08 17:55:00,21.6,37.9
2014-09-08 18:00:00,21.5,38.1
2014-09-08 18:05:00,21.4,38.9
2014-09-08 18:10:00,21.5,39.3
2014-09-08 18:15:00,21.3,39.8
2014-09-08 18:20:00,21.1,40.3
2014-09-08 18:25:00,21.1,40.7
2014-09-08 18:30:00,21.1,39.4
2014-09-08 18:35:00,21.1,39.2
2014-09-08 18:40:00,21.1,38.9
2014-09-08 18:45:00,20.9,39.2
2014-09-08 18:50:00,20.9,38.8
2014-09-08 18:55:00,20.8,39.4
2014-09-08 19:00:00,20.7,39.3
2014-09-08 19:05:00,20.7,39.5
2014-09-08 19:10:00,20.6,40.1
2014-09-08 19:15:00,20.5,40.5
2014-09-08 19:20:00,20.4,40.7
2014-09-08 19:25:00,20.3,41.2
2014-09-08 19:30:00,20.3,41.6
2014-09-08 19:35:00,20.2,41.8
2014-09-08 19:40:00,20.1,42.6
2014-09-08 19:45:00,20.1,42.7
2014-09-08 19:50:00,20.1,42.7
2014-09-08 19:55:00,20,43.1
2014-09-08 20:00:00,20,42.7
2014-09-08 20:05:00,20,42.7
2014-09-08 20:10:00,20,42.8
2014-09-08 20:15:00,20,42.9
2014-09-08 20:20:00,19.9,43.6
2014-09-08 20:25:00,19.8,43.6
2014-09-08 20:30:00,19.9,43.1
2014-09-08 20:35:00,19.8,43.7
2014-09-08 20:40:00,19.5,44.9
2014-09-08 20:45:00,19.4,45.4
2014-09-08 20:50:00,19.3,45.7
2014-09-08 20:55:00,19.2,46.1
2014-09-08 21:00:00,19,46.3
2014-09-08 21:05:00,18.9,46.8
2014-09-08 21:10:00,18.8,47.3
2014-09-08 21:15:00,18.7,47.8
2014-09-08 21:20:00,18.7,48.3
2014-09-08 21:25:00,18.6,49.2
2014-09-08 21:30:00,18.4,50.1
2014-09-08 21:35:00,18.5,48.9
2014-09-08 21:40:00,18.4,49.2
2014-09-08 21:45:00,18.5,49.1
2014-09-08 21:50:00,18.4,49.6
2014-09-08 21:55:00,18.3,49.7
2014-09-08 22:00:00,18.3,49.7
2014-09-08 22:05:00,18.1,50.3
2014-09-08 22:10:00,18,50.4
2014-09-08 22:15:00,18,50.3
2014-09-08 22:20:00,18,50.8
2014-09-08 22:25:00,17.9,51.4
2014-09-08 22:30:00,17.7,52
2014-09-08 22:35:00,17.6,52.6
2014-09-08 22:40:00,17.5,53.6
2014-09-08 22:45:00,17.4,54.8
2014-09-08 22:50:00,17.3,54.5
2014-09-08 22:55:00,17.5,53.7
2014-09-08 23:00:00,17.5,53.3
2014-09-08 23:05:00,17.5,53.4
2014-09-08 23:10:00,17.5,53.6
2014-09-08 23:15:00,17.5,53.8
2014-09-08 23:20:00,17.4,54.2
2014-09-08 23:25:00,17.4,54.2
2014-09-08 23:30:00,17.4,54.5
2014-09-08 23:35:00,17.2,55.4
2014-09-08 23:40:00,17.1,56.1
2014-09-08 23:45:00,17.2,55.9
2014-09-08 23:50:00,17.2,55.6
2014-09-08 23:55:00,17.1,55.7
2014-09-09 00:00:00,18.9,56.5
2014-09-09 00:05:00,19.8,53.9
2014-09-09 00:10:00,19.7,53.8
2014-09-09 00:15:00,18.9,55.7
2014-09-09 00:20:00,19.1,55.2
2014-09-09 00:25:00,19,55.7
2014-09-09 00:30:00,19,55.3
2014-09-09 00:35:00,19.2,53.8
2014-09-09 00:40:00,19,54.6
2014-09-09 00:45:00,19.1,54.3
2014-09-09 00:50:00,19.2,54.1
2014-09-09 00:55:00,19.9,51.6
2014-09-09 01:00:00,19.5,51.7
2014-09-09 01:05:00,19.8,51
2014-09-09 01:10:00,19.9,50.5
2014-09-09 01:15:00,20,49.9
2014-09-09 01:20:00,20.2,49.3
2014-09-09 01:25:00,20.4,48.6
2014-09-09 01:30:00,20.2,48.7
2014-09-09 01:35:00,20.6,47.5
2014-09-09 01:40:00,20.4,46.9
2014-09-09 01:45:00,20.3,47.2
2014-09-09 01:50:00,20.7,47.3
2014-09-09 01:55:00,20.8,47.2
2014-09-09 02:00:00,20.6,47.6
2014-09-09 02:05:00,20.4,48
2014-09-09 02:10:00,19.8,49.2
2014-09-09 02:15:00,19.8,49.3
2014-09-09 02:20:00,19.9,47.9
2014-09-09 02:25:00,20.2,46.6
2014-09-09 02:30:00,20.2,46
2014-09-09 02:35:00,20.3,46.6
2014-09-09 02:40:00,20.5,45.5
2014-09-09 02:45:00,20.5,45.6
2014-09-09 02:50:00,20.3,46.6
2014-09-09 02:55:00,20,47.6
2014-09-09 03:00:00,20.1,46.9
2014-09-09 03:05:00,20.2,46.7
2014-09-09 03:10:00,20.5,45.9
2014-09-09 03:15:00,20.5,45.2
2014-09-09 03:20:00,20.7,44
2014-09-09 03:25:00,21.1,43.2
2014-09-09 03:30:00,21.8,41.6
2014-09-09 03:35:00,21.8,41.4
2014-09-09 03:40:00,21.4,43.5
2014-09-09 03:45:00,21.3,44
2014-09-09 03:50:00,21.1,44.6
2014-09-09 03:55:00,21.2,43.9
2014-09-09 04:00:00,21,44.6
2014-09-09 04:05:00,20.7,45.1
2014-09-09 04:10:00,20.6,45.6
2014-09-09 04:15:00,20.6,45.5
2014-09-09 04:20:00,20.6,45.8
2014-09-09 04:25:00,20.6,45.7
2014-09-09 04:30:00,20.7,45.1
2014-09-09 04:35:00,20.8,45.2
2014-09-09 04:40:00,20.7,44.9
2014-09-09 04:45:00,20.8,44.8
2014-09-09 04:50:00,21.1,44.7
2014-09-09 04:55:00,20.8,44.4
2014-09-09 05:00:00,20.8,44.2
2014-09-09 05:05:00,20.9,43.5
2014-09-09 05:10:00,20.9,43.4
2014-09-09 05:15:00,21.2,42.5
2014-09-09 05:20:00,21.1,46.1
2014-09-09 05:25:00,20.8,48.3
2014-09-09 05:30:00,20.8,48.7
2014-09-09 05:35:00,20.5,49.8
2014-09-09 05:40:00,20.4,50.4
2014-09-09 05:45:00,20.4,51
2014-09-09 05:50:00,20,52.4
2014-09-09 05:55:00,19.8,53
2014-09-09 06:00:00,19.7,53.2
2014-09-09 06:05:00,19.7,52.9
2014-09-09 06:10:00,19.6,53.8
2014-09-09 06:15:00,19.6,53.6
2014-09-09 06:20:00,19.5,53.3
2014-09-09 06:25:00,19.4,53.5
2014-09-09 06:30:00,19.4,54
2014-09-09 06:35:00,19.3,54.5
2014-09-09 06:40:00,19.2,54.8
2014-09-09 06:45:00,19,55.5
2014-09-09 06:50:00,19,55.6
2014-09-09 06:55:00,19,55.8
2014-09-09 07:00:00,18.9,56.1
2014-09-09 07:05:00,18.7,56.8
2014-09-09 07:10:00,18.7,57.2
2014-09-09 07:15:00,18.7,57.4
2014-09-09 07:20:00,18.7,57.8
2014-09-09 07:25:00,18.6,58.1
2014-09-09 07:30:00,18.5,58.6
2014-09-09 07:35:00,18.5,58.9
2014-09-09 07:40:00,18.4,59.1
2014-09-09 07:45:00,18,59.6
2014-09-09 07:50:00,18,59.8
2014-09-09 07:55:00,18,59.9
2014-09-09 08:00:00,17.9,60.1
2014-09-09 08:05:00,17.7,60.5
2014-09-09 08:10:00,17.7,60.8
2014-09-09 08:15:00,17.6,61.1
2014-09-09 08:20:00,17.5,61.4
2014-09-09 08:25:00,17.5,61.9
2014-09-09 08:30:00,17.5,61.9
2014-09-09 08:35:00,17.4,61.8
2014-09-09 08:40:00,17.3,62.2
2014-09-09 08:45:00,17.2,62.6
2014-09-09 08:50:00,17.2,62.7
2014-09-09 08:55:00,17.1,63.1
2014-09-09 09:00:00,17.1,63.4
2014-09-09 09:05:00,17.1,63.5
2014-09-09 09:10:00,17,63.7
2014-09-09 09:15:00,17,64.2
2014-09-09 09:20:00,16.9,64.8
2014-09-09 09:25:00,16.8,65.4
2014-09-09 09:30:00,16.7,66.1
2014-09-09 09:35:00,16.6,66.5
2014-09-09 09:40:00,16.5,67.2
2014-09-09 09:45:00,16.5,67.6
2014-09-09 09:50:00,16.4,68.3
2014-09-09 09:55:00,16.4,68.7
2014-09-09 10:00:00,16.3,69.2
2014-09-09 10:05:00,16.3,69.5
2014-09-09 10:10:00,16.2,70
2014-09-09 10:15:00,16.2,70.2
2014-09-09 10:20:00,16.1,70.2
2014-09-09 10:25:00,16.1,70.4
2014-09-09 10:30:00,16,70.6
2014-09-09 10:35:00,15.9,70.9
2014-09-09 10:40:00,15.9,70.7
2014-09-09 10:45:00,15.9,70.7
2014-09-09 10:50:00,15.9,70.7
2014-09-09 10:55:00,15.8,71
2014-09-09 11:00:00,15.8,71.2
2014-09-09 11:05:00,15.7,71.2
2014-09-09 11:10:00,15.7,71.5
2014-09-09 11:15:00,15.7,71.6
2014-09-09 11:20:00,15.6,71.7
2014-09-09 11:25:00,15.5,72
2014-09-09 11:30:00,15.5,72.2
2014-09-09 11:35:00,15.5,72.3
2014-09-09 11:40:00,15.5,72.4
2014-09-09 11:45:00,15.4,72.5
2014-09-09 11:50:00,15.4,72.6
2014-09-09 11:55:00,15.4,72.6
2014-09-09 12:00:00,18.9,56.5
2014-09-09 12:05:00,19.8,53.9
2014-09-09 12:10:00,19.7,53.8
2014-09-09 12:15:00,18.9,55.7
2014-09-09 12:20:00,19.1,55.2
2014-09-09 12:25:00,19,55.7
2014-09-09 12:30:00,19,55.3
2014-09-09 12:35:00,19.2,53.8
2014-09-09 12:40:00,19,54.6
2014-09-09 12:45:00,19.1,54.3
2014-09-09 12:50:00,19.2,54.1
2014-09-09 12:55:00,19.9,51.6
2014-09-09 13:00:00,19.5,51.7
2014-09-09 13:05:00,19.8,51
2014-09-09 13:10:00,19.9,50.5
2014-09-09 13:15:00,20,49.9
2014-09-09 13:20:00,20.2,49.3
2014-09-09 13:25:00,20.4,48.6
2014-09-09 13:30:00,20.2,48.7
2014-09-09 13:35:00,20.6,47.5
2014-09-09 13:40:00,20.4,46.9
2014-09-09 13:45:00,20.3,47.2
2014-09-09 13:50:00,20.7,47.3
2014-09-09 13:55:00,20.8,47.2
2014-09-09 14:00:00,20.6,47.6
2014-09-09 14:05:00,20.4,48
2014-09-09 14:10:00,19.8,49.2
2014-09-09 14:15:00,19.8,49.3
2014-09-09 14:20:00,19.9,47.9
2014-09-09 14:25:00,20.2,46.6
2014-09-09 14:30:00,20.2,46
2014-09-09 14:35:00,20.3,46.6
2014-09-09 14:40:00,20.5,45.5
2014-09-09 14:45:00,20.5,45.6
2014-09-09 14:50:00,20.3,46.6
2014-09-09 14:55:00,20,47.6
2014-09-09 15:00:00,20.1,46.9
2014-09-09 15:05:00,20.2,46.7
2014-09-09 15:10:00,20.5,45.9
2014-09-09 15:15:00,20.5,45.2
2014-09-09 15:20:00,20.7,44
2014-09-09 15:25:00,21.1,43.2
2014-09-09 15:30:00,21.8,41.6
2014-09-09 15:35:00,21.8,41.4
2014-09-09 15:40:00,21.4,43.5
2014-09-09 15:45:00,21.3,44
2014-09-09 15:50:00,21.1,44.6
2014-09-09 15:55:00,21.2,43.9
2014-09-09 16:00:00,21,44.6
2014-09-09 16:05:00,20.7,45.1
2014-09-09 16:10:00,20.6,45.6
2014-09-09 16:15:00,20.6,45.5
2014-09-09 16:20:00,20.6,45.8
2014-09-09 16:25:00,20.6,45.7
2014-09-09 16:30:00,20.7,45.1
2014-09-09 16:35:00,20.8,45.2
2014-09-09 16:40:00,20.7,44.9
2014-09-09 16:45:00,20.8,44.8
2014-09-09 16:50:00,21.1,44.7
2014-09-09 16:55:00,20.8,44.4
2014-09-09 17:00:00,20.8,44.2
2014-09-09 17:05:00,20.9,43.5
2014-09-09 17:10:00,20.9,43.4
2014-09-09 17:15:00,21.2,42.5
2014-09-09 17:20:00,21.1,46.1
2014-09-09 17:25:00,20.8,48.3
2014-09-09 17:30:00,20.8,48.7
2014-09-09 17:35:00,20.5,49.8
2014-09-09 17:40:00,20.4,50.4
2014-09-09 17:45:00,20.4,51
2014-09-09 17:50:00,20,52.4
2014-09-09 17:55:00,19.8,53
2014-09-09 18:00:00,19.7,53.2
2014-09-09 18:05:00,19.7,52.9
2014-09-09 18:10:00,19.6,53.8
2014-09-09 18:15:00,19.6,53.6
2014-09-09 18:20:00,19.5,53.3
2014-09-09 18:25:00,19.4,53.5
2014-09-09 18:30:00,19.4,54
2014-09-09 18:35:00,19.3,54.5
2014-09-09 18:40:00,19.2,54.8
2014-09-09 18:45:00,19,55.5
2014-09-09 18:50:00,19,55.6
2014-09-09 18:55:00,19,55.8
2014-09-09 19:00:00,18.9,56.1
2014-09-09 19:05:00,18.7,56.8
2014-09-09 19:10:00,18.7,57.2
2014-09-09 19:15:00,18.7,57.4
2014-09-09 19:20:00,18.7,57.8
2014-09-09 19:25:00,18.6,58.1
2014-09-09 19:30:00,18.5,58.6
2014-09-09 19:35:00,18.5,58.9
2014-09-09 19:40:00,18.4,59.1
2014-09-09 19:45:00,18,59.6
2014-09-09 19:50:00,18,59.8
2014-09-09 19:55:00,18,59.9
2014-09-09 20:00:00,17.9,60.1
2014-09-09 20:05:00,17.7,60.5
2014-09-09 20:10:00,17.7,60.8
2014-09-09 20:15:00,17.6,61.1
2014-09-09 20:20:00,17.5,61.4
2014-09-09 20:25:00,17.5,61.9
2014-09-09 20:30:00,17.5,61.9
2014-09-09 20:35:00,17.4,61.8
2014-09-09 20:40:00,17.3,62.2
2014-09-09 20:45:00,17.2,62.6
2014-09-09 20:50:00,17.2,62.7
2014-09-09 20:55:00,17.1,63.1
2014-09-09 21:00:00,17.1,63.4
2014-09-09 21:05:00,17.1,63.5
2014-09-09 21:10:00,17,63.7
2014-09-09 21:15:00,17,64.2
2014-09-09 21:20:00,16.9,64.8
2014-09-09 21:25:00,16.8,65.4
2014-09-09 21:30:00,16.7,66.1
2014-09-09 21:35:00,16.6,66.5
2014-09-09 21:40:00,16.5,67.2
2014-09-09 21:45:00,16.5,67.6
2014-09-09 21:50:00,16.4,68.3
2014-09-09 21:55:00,16.4,68.7
2014-09-09 22:00:00,16.3,69.2
2014-09-09 22:05:00,16.3,69.5
2014-09-09 22:10:00,16.2,70
2014-09-09 22:15:00,16.2,70.2
2014-09-09 22:20:00,16.1,70.2
2014-09-09 22:25:00,16.1,70.4
2014-09-09 22:30:00,16,70.6
2014-09-09 22:35:00,15.9,70.9
2014-09-09 22:40:00,15.9,70.7
2014-09-09 22:45:00,15.9,70.7
2014-09-09 22:50:00,15.9,70.7
2014-09-09 22:55:00,15.8,71
2014-09-09 23:00:00,15.8,71.2
2014-09-09 23:05:00,15.7,71.2
2014-09-09 23:10:00,15.7,71.5
2014-09-09 23:15:00,15.7,71.6
2014-09-09 23:20:00,15.6,71.7
2014-09-09 23:25:00,15.5,72
2014-09-09 23:30:00,15.5,72.2
2014-09-09 23:35:00,15.5,72.3
2014-09-09 23:40:00,15.5,72.4
2014-09-09 23:45:00,15.4,72.5
2014-09-09 23:50:00,15.4,72.6
2014-09-09 23:55:00,15.4,72.6
2014-09-10 00:00:00,18.5,56.6
